month,day,name_ko,slug,commons_page_url,direct_url,author,license,width,species_note,family_line
1,1,스노드롭,seunodeurop,https://commons.wikimedia.org/wiki/File:20260307_Galanthus_nivalis.jpg,https://upload.wikimedia.org/wikipedia/commons/thumb/3/30/20260307_Galanthus_nivalis.jpg/1280px-20260307_Galanthus_nivalis.jpg,Flocci Nivis,CC BY 4.0,5079,파일 설명 학명 Galanthus nivalis 일치 — 실물 대조 확인,수선화과의 작은 알뿌리 식물이에요 — 눈이 채 녹기 전에 고개 숙인 흰 꽃을 가장 먼저 피웁니다.
1,5,노루귀,norugwi,"https://commons.wikimedia.org/wiki/File:%E5%B0%96%E7%93%A3%E7%8D%90%E8%80%B3%E7%B4%B0%E8%BE%9B_Hepatica_asiatica_f_acutiloba_-%E9%A6%96%E7%88%BE%E5%88%87%E9%A0%AD%E5%B1%B1%E5%85%AC%E5%9C%92_Seoul,_South_Korea-_(33142022393).jpg",https://upload.wikimedia.org/wikipedia/commons/thumb/4/45/%E5%B0%96%E7%93%A3%E7%8D%90%E8%80%B3%E7%B4%B0%E8%BE%9B_Hepatica_asiatica_f_acutiloba_-%E9%A6%96%E7%88%BE%E5%88%87%E9%A0%AD%E5%B1%B1%E5%85%AC%E5%9C%92_Seoul%2C_South_Korea-_%2833142022393%29.jpg/1280px-%E5%B0%96%E7%93%A3%E7%8D%90%E8%80%B3%E7%B4%B0%E8%BE%9B_Hepatica_asiatica_f_acutiloba_-%E9%A6%96%E7%88%BE%E5%88%87%E9%A0%AD%E5%B1%B1%E5%85%AC%E5%9C%92_Seoul%2C_South_Korea-_%2833142022393%29.jpg,阿橋 HQ,CC BY-SA 2.0,2064,CSV가 속명 Hepatica만 제시 — 한국 자생 노루귀(H. asiatica) 서울 촬영본 채택,미나리아재비과의 이른 봄 야생화예요 — 잎이 펼쳐지기 전에 솜털 돋은 꽃대부터 올립니다.
1,10,회양목,hoeyangmok,https://commons.wikimedia.org/wiki/File:Buxus_koreana%27s_flowers.JPG,https://upload.wikimedia.org/wikipedia/commons/thumb/6/67/Buxus_koreana%27s_flowers.JPG/1280px-Buxus_koreana%27s_flowers.JPG,Dalgial,CC BY-SA 3.0,3264,"파일 설명 Buxus sinica var. insularis(회양목) 개화 — 인천 촬영, 한국명 일치",회양목과의 늘푸른 관목이에요 — 봄에 연노랑 꽃이 잎겨드랑이에 모여 핍니다.
1,11,측백나무,cheukbaeknamu,https://commons.wikimedia.org/wiki/File:Platycladus_orientalis_cones.jpg,https://upload.wikimedia.org/wikipedia/commons/thumb/6/69/Platycladus_orientalis_cones.jpg/1280px-Platycladus_orientalis_cones.jpg,Josef Grunig at Flickr,CC BY-SA 2.0,3072,파일 설명 Platycladus orientalis 일치 — 잎과 열매 근접컷,측백나무과의 늘푸른 침엽수예요 — 납작한 부챗살 잎에 분을 바른 듯한 청록색 열매가 달립니다.
1,12,향기 알리섬,hyanggi-alriseom,"https://commons.wikimedia.org/wiki/File:Lobularia_maritima,_S%C3%A8te_01.jpg",https://upload.wikimedia.org/wikipedia/commons/thumb/c/cd/Lobularia_maritima%2C_S%C3%A8te_01.jpg/1280px-Lobularia_maritima%2C_S%C3%A8te_01.jpg,Christian Ferrer,CC BY-SA 4.0,3961,파일 설명 Lobularia maritima 일치,십자화과의 낮게 퍼지는 풀이에요 — 자잘한 흰 꽃이 방석처럼 덮이며 꿀 향을 냅니다.
1,15,가시,gasi,https://commons.wikimedia.org/wiki/File:Prunus_spinosa_04.2025_(9).jpg,https://upload.wikimedia.org/wikipedia/commons/thumb/5/5e/Prunus_spinosa_04.2025_%289%29.jpg/1280px-Prunus_spinosa_04.2025_%289%29.jpg,DidierFy,CC BY-SA 4.0,8192,총칭 '가시' — 학명 없음. 가시나무를 대표하는 장미과 블랙손(Prunus spinosa) 개화 사진 채택,잎보다 먼저 흰 꽃을 피우는 장미과의 가시나무예요 — 굳은 가지 끝이 그대로 가시가 됩니다.
1,17,수영,suyeong-0117,https://commons.wikimedia.org/wiki/File:Rumex_acetosa_(subsp._acetosa)_sl18.jpg,https://upload.wikimedia.org/wikipedia/commons/thumb/b/bd/Rumex_acetosa_%28subsp._acetosa%29_sl18.jpg/1280px-Rumex_acetosa_%28subsp._acetosa%29_sl18.jpg,Stefan.lefnaer,CC BY-SA 4.0,3096,CSV 속명 Rumex — 수영에 해당하는 R. acetosa 꽃차례,"마디풀과의 여러해살이풀이에요 — 신맛 나는 잎을 먹고, 초여름엔 붉게 물든 꽃차례가 곧게 섭니다."
1,18,어저귀,eojeogwi,https://commons.wikimedia.org/wiki/File:Abutilon_theophrasti_RF.jpg,https://upload.wikimedia.org/wikipedia/commons/thumb/7/74/Abutilon_theophrasti_RF.jpg/1280px-Abutilon_theophrasti_RF.jpg,Robert Flogaus-Faust,CC BY 4.0,2656,파일 설명 Abutilon theophrasti 일치,아욱과의 한해살이풀이에요 — 벨벳처럼 부드러운 넓은 잎 사이로 노란 꽃이 하나씩 핍니다.
1,19,소나무,sonamu-0119,"https://commons.wikimedia.org/wiki/File:Pinus_densiflora,_Morris_Arboretum_03.jpg",https://upload.wikimedia.org/wikipedia/commons/thumb/a/a5/Pinus_densiflora%2C_Morris_Arboretum_03.jpg/1280px-Pinus_densiflora%2C_Morris_Arboretum_03.jpg,Shuvaev,CC BY-SA 4.0,4608,name_en Pine — 한국 소나무 Pinus densiflora 구과·잎 근접,소나무과의 늘푸른 큰키나무예요 — 붉은 껍질과 두 개씩 모여나는 바늘잎이 우리 산을 지킵니다.
1,20,미나리아재비,minariajaebi-0120,https://commons.wikimedia.org/wiki/File:Ranunculus_japonicus_3.JPG,https://upload.wikimedia.org/wikipedia/commons/thumb/0/05/Ranunculus_japonicus_3.JPG/1280px-Ranunculus_japonicus_3.JPG,Dalgial,CC BY-SA 3.0,4272,name_en Butter Cup — 한국 미나리아재비 Ranunculus japonicus,미나리아재비과의 여러해살이풀이에요 — 기름을 바른 듯 반짝이는 노란 꽃잎이 특징입니다.
1,21,담쟁이덩굴,damjaengideonggul,https://commons.wikimedia.org/wiki/File:Poertschach_Hauptstrasse_Parthenocissus_tricuspidata_Blattwerk_04062015_4423.jpg,https://upload.wikimedia.org/wikipedia/commons/thumb/a/ab/Poertschach_Hauptstrasse_Parthenocissus_tricuspidata_Blattwerk_04062015_4423.jpg/1280px-Poertschach_Hauptstrasse_Parthenocissus_tricuspidata_Blattwerk_04062015_4423.jpg,Johann Jaritz,CC BY-SA 4.0,7360,name_en은 Ivy지만 name_ko 담쟁이덩굴 기준으로 Parthenocissus tricuspidata 채택(서양 Ivy=Hedera와는 다른 종),포도과의 낙엽 덩굴식물이에요 — 흡반 달린 덩굴손으로 담벼락을 타고 오릅니다.
1,22,이끼,ikki-0122,https://commons.wikimedia.org/wiki/File:Polytrichum_commune_.jpg,https://upload.wikimedia.org/wikipedia/commons/thumb/6/67/Polytrichum_commune_.jpg/1280px-Polytrichum_commune_.jpg,Hans Hillewaert,CC BY-SA 4.0,3800,총칭 '이끼' — 대표 선태식물 솔이끼(Polytrichum commune) 군락,꽃 대신 포자로 번지는 선태식물이에요 — 그늘지고 축축한 땅을 초록 융단처럼 덮습니다.
1,23,부들,budeul,https://commons.wikimedia.org/wiki/File:Bulrush_(Typha_latifolia)_(8139113636).jpg,https://upload.wikimedia.org/wikipedia/commons/thumb/4/4c/Bulrush_%28Typha_latifolia%29_%288139113636%29.jpg/1280px-Bulrush_%28Typha_latifolia%29_%288139113636%29.jpg,"Peter O'Connor aka anemoneprojectors from Stevenage, United Kingdom",CC BY-SA 2.0,2738,학명 없음 — name_en Bulrush 기준으로 부들속 대표종 Typha latifolia 채택. 한국 자생 부들(T. orientalis)과 외형이 같은 근연종,물가에 서는 부들과의 여러해살이풀이에요 — 여름이면 소시지 모양의 갈색 암꽃차례가 곧게 올라옵니다.
1,24,가을에 피는 사프란,gaeule-pineun-sapeuran,https://commons.wikimedia.org/wiki/File:Macro_photograph_of_saffron_flower_(Crocus_sativus).jpg,https://upload.wikimedia.org/wikipedia/commons/thumb/1/1a/Macro_photograph_of_saffron_flower_%28Crocus_sativus%29.jpg/1280px-Macro_photograph_of_saffron_flower_%28Crocus_sativus%29.jpg,Koshur,CC BY-SA 4.0,9000,파일 설명 Crocus sativus 일치 — 붉은 암술 확인,"붓꽃과의 알뿌리 식물이에요 — 가을에 보랏빛 꽃을 피우고, 붉은 암술을 말려 사프란 향신료로 씁니다."
1,25,점나도나물,jeomnadonamul,https://commons.wikimedia.org/wiki/File:Common_Mouse-ear_(Cerastium_fontanum)_(9163760223).jpg,https://upload.wikimedia.org/wikipedia/commons/thumb/8/86/Common_Mouse-ear_%28Cerastium_fontanum%29_%289163760223%29.jpg/1280px-Common_Mouse-ear_%28Cerastium_fontanum%29_%289163760223%29.jpg,"Peter O'Connor aka anemoneprojectors from Stevenage, United Kingdom",CC BY-SA 2.0,2664,CSV 속명 Cerastium — 점나도나물에 해당하는 C. fontanum,석죽과의 작은 들풀이에요 — 잔털 덮인 줄기 끝에 끝이 갈라진 흰 꽃잎을 답니다.
1,26,미모사,mimosa,https://commons.wikimedia.org/wiki/File:Mimosa_pudica_flower_DSC_4267.jpg,https://upload.wikimedia.org/wikipedia/commons/thumb/a/a3/Mimosa_pudica_flower_DSC_4267.jpg/1280px-Mimosa_pudica_flower_DSC_4267.jpg,Ranjithsiji,CC BY-SA 4.0,6000,파일 설명 Mimosa pudica 일치,"콩과의 열대성 풀이에요 — 잎을 건드리면 곧바로 접히고, 분홍 솜방울 같은 꽃이 핍니다."
1,27,마가목,magamok,"https://commons.wikimedia.org/wiki/File:(Sorbus_commixta_in_Mount_Nishi-Hotaka,_Japan)_-_DPLA_-_89bc6c038fe5f982c1bc4cbd61845136.jpg",https://upload.wikimedia.org/wikipedia/commons/thumb/0/0d/%28Sorbus_commixta_in_Mount_Nishi-Hotaka%2C_Japan%29_-_DPLA_-_89bc6c038fe5f982c1bc4cbd61845136.jpg/1280px-%28Sorbus_commixta_in_Mount_Nishi-Hotaka%2C_Japan%29_-_DPLA_-_89bc6c038fe5f982c1bc4cbd61845136.jpg,"Carlquist, Sherwin John, 1930-2021",CC BY 4.0,1500,"CSV 속명 Sorbus — 한국 마가목 S. commixta 개화 사진(원본 1500px, 개체 원경)",장미과의 낙엽 큰키나무예요 — 초여름엔 흰 꽃이 우산처럼 모여 피고 가을엔 붉은 열매가 달립니다.
1,28,검은 포플라,geomeun-popeulra,https://commons.wikimedia.org/wiki/File:PopulusNigra2a.jpg,https://upload.wikimedia.org/wikipedia/commons/thumb/9/98/PopulusNigra2a.jpg/1280px-PopulusNigra2a.jpg,Christian Fischer,CC BY-SA 3.0,2000,파일 설명 Populus nigra ssp. nigra 노거수 수형,버드나무과의 낙엽 큰키나무예요 — 물가에서 곧게 자라며 봄에 늘어진 꽃차례를 답니다.
1,29,이끼,ikki-0122,https://commons.wikimedia.org/wiki/File:Polytrichum_commune_.jpg,https://upload.wikimedia.org/wikipedia/commons/thumb/6/67/Polytrichum_commune_.jpg/1280px-Polytrichum_commune_.jpg,Hans Hillewaert,CC BY-SA 4.0,3800,총칭 '이끼' — 대표 선태식물 솔이끼(Polytrichum commune) 군락,꽃 대신 포자로 번지는 선태식물이에요 — 그늘지고 축축한 땅을 초록 융단처럼 덮습니다.
1,30,매쉬 메리골드,maeswi-merigoldeu,https://commons.wikimedia.org/wiki/File:Caltha_palustris_in_Avoriaz_(3).jpg,https://upload.wikimedia.org/wikipedia/commons/thumb/6/65/Caltha_palustris_in_Avoriaz_%283%29.jpg/1280px-Caltha_palustris_in_Avoriaz_%283%29.jpg,Krzysztof Golik,CC BY-SA 4.0,2977,파일 설명 Caltha palustris 일치,미나리아재비과의 습지 식물이에요 — 이른 봄 물가에서 윤나는 노란 꽃을 피웁니다.
2,2,모과,mogwa,https://commons.wikimedia.org/wiki/File:Pseudocydonia_sinensis_flower.JPG,https://upload.wikimedia.org/wikipedia/commons/thumb/f/f3/Pseudocydonia_sinensis_flower.JPG/1280px-Pseudocydonia_sinensis_flower.JPG,Rorolinus,CC BY-SA 3.0,4608,CSV name_en Chaenomeles는 모과나무 구학명 Chaenomeles sinensis — 현재 학명 Pseudocydonia sinensis 개화 사진 채택,장미과의 낙엽 큰키나무예요 — 봄에 연분홍 꽃이 피고 가을엔 향이 진한 노란 열매가 열립니다.
2,3,황새냉이,hwangsaenaengi,https://commons.wikimedia.org/wiki/File:Cardamine_flexuosa_kz06.jpg,https://upload.wikimedia.org/wikipedia/commons/thumb/4/47/Cardamine_flexuosa_kz06.jpg/1280px-Cardamine_flexuosa_kz06.jpg,"Krzysztof Ziarnek, Kenraiz",CC BY-SA 4.0,3578,CSV 속명 Cardamine — 황새냉이에 해당하는 C. flexuosa,십자화과의 작은 봄나물이에요 — 논둑과 밭가에서 흰 꽃잎 네 장을 십자로 펼칩니다.
2,5,양치,yangchi-0205,https://commons.wikimedia.org/wiki/File:Athyrium_filix-femina0.jpg,https://upload.wikimedia.org/wikipedia/commons/thumb/e/eb/Athyrium_filix-femina0.jpg/1280px-Athyrium_filix-femina0.jpg,MPF,CC BY 2.5,2848,총칭 '양치' — 대표 양치식물 개고사리(Athyrium filix-femina),꽃 대신 포자로 번지는 양치식물이에요 — 돌돌 말린 새순이 펴지며 깃털 같은 잎이 됩니다.
2,6,바위솔,bawisol,https://commons.wikimedia.org/wiki/File:Orostachys_japonica_(flower).jpg,https://upload.wikimedia.org/wikipedia/commons/thumb/7/76/Orostachys_japonica_%28flower%29.jpg/1280px-Orostachys_japonica_%28flower%29.jpg,Alpsdake,CC BY-SA 4.0,3981,파일 설명 Orostachys japonica 일치 — 개화 상태,돌나물과의 다육식물이에요 — 바위와 기와 위에 붙어 살다 가을에 흰 꽃대를 탑처럼 올립니다.
2,8,범의귀,beomuigwi-0208,https://commons.wikimedia.org/wiki/File:Saxifraga_fortunei_GotBot_2015_001.jpg,https://upload.wikimedia.org/wikipedia/commons/thumb/3/33/Saxifraga_fortunei_GotBot_2015_001.jpg/1280px-Saxifraga_fortunei_GotBot_2015_001.jpg,Averater,CC BY 4.0,5496,"속 대표종 — CSV가 Saxifrage(범의귀속)만 제시해, 식물원 라벨로 종이 확인된 Saxifraga fortunei 채택",바위틈에 뿌리내리는 범의귀과의 여러해살이풀이에요 — 가는 꽃대 끝에 흰 꽃이 흩날리듯 달립니다.
2,9,은매화,eunmaehwa,https://commons.wikimedia.org/wiki/File:Myrtus_communis11.jpg,https://upload.wikimedia.org/wikipedia/commons/thumb/1/12/Myrtus_communis11.jpg/1280px-Myrtus_communis11.jpg,Giancarlo Dessì,CC BY-SA 3.0,2608,파일 설명 Myrtus communis 개화 사진,지중해가 고향인 도금양과의 늘푸른 관목이에요 — 수술이 부챗살처럼 퍼진 흰 꽃에서 맑은 향이 납니다.
2,10,서향,seohyang-0210,https://commons.wikimedia.org/wiki/File:Daphn%C3%A9_odora_en_fleurs_-_panoramio.jpg,https://upload.wikimedia.org/wikipedia/commons/thumb/0/0f/Daphn%C3%A9_odora_en_fleurs_-_panoramio.jpg/1280px-Daphn%C3%A9_odora_en_fleurs_-_panoramio.jpg,chisloup,CC BY 3.0,4000,파일 설명 Daphne odora 개화 사진,"팥꽃나무과의 늘푸른 관목이에요 — 이른 봄, 잎보다 먼저 뭉친 꽃송이에서 멀리까지 향이 퍼집니다."
2,11,멜리사,melrisa,https://commons.wikimedia.org/wiki/File:Melissa_officinalis_J1.jpg,https://upload.wikimedia.org/wikipedia/commons/thumb/3/31/Melissa_officinalis_J1.jpg/1280px-Melissa_officinalis_J1.jpg,Jamain,CC BY-SA 3.0,3900,파일 설명 Melissa officinalis 일치,꿀풀과의 여러해살이 허브예요 — 잎을 문지르면 레몬 향이 나서 차로 즐겨 마십니다.
2,12,쥐꼬리망초,jwikkorimangcho,https://commons.wikimedia.org/wiki/File:Rostellularia_procumbens_by_kadavoor.jpg,https://upload.wikimedia.org/wikipedia/commons/thumb/8/83/Rostellularia_procumbens_by_kadavoor.jpg/1280px-Rostellularia_procumbens_by_kadavoor.jpg,"Jeevan Jose, Kerala, India",CC BY-SA 4.0,1536,파일 설명 Justicia procumbens 일치(파일명은 이명 Rostellularia procumbens),쥐꼬리망초과의 한해살이풀이에요 — 길가에서 이삭 모양 꽃차례에 연분홍 꽃을 차례로 답니다.
2,13,갈풀,galpul,"https://commons.wikimedia.org/wiki/File:Phalaris_arundinacea_flowers,_rietgras_bloempjes_(1).jpg",https://upload.wikimedia.org/wikipedia/commons/thumb/c/c5/Phalaris_arundinacea_flowers%2C_rietgras_bloempjes_%281%29.jpg/1280px-Phalaris_arundinacea_flowers%2C_rietgras_bloempjes_%281%29.jpg,Rasbak,CC BY-SA 3.0,3264,파일 설명 Phalaris arundinacea 꽃차례,물가에 무리 짓는 벼과의 여러해살이풀이에요 — 초여름에 이삭이 촘촘히 뭉친 꽃차례를 세웁니다.
2,14,카모밀레,kamomilre,https://commons.wikimedia.org/wiki/File:Matricaria_Chamomilla_Flowers.jpg,https://upload.wikimedia.org/wikipedia/commons/thumb/9/93/Matricaria_Chamomilla_Flowers.jpg/1280px-Matricaria_Chamomilla_Flowers.jpg,Sarbast.T.Hameed,CC BY-SA 4.0,6000,파일 설명 Matricaria chamomilla 일치,국화과의 한해살이 허브예요 — 사과 향이 나는 흰 꽃을 말려 차로 우려 마십니다.
2,15,삼나무,samnamu-0215,https://commons.wikimedia.org/wiki/File:Kanagawa-birin50-daiyuuzan.JPG,https://upload.wikimedia.org/wikipedia/commons/thumb/1/12/Kanagawa-birin50-daiyuuzan.JPG/1280px-Kanagawa-birin50-daiyuuzan.JPG,Σ64,CC BY-SA 3.0,2272,name_ko 삼나무 기준 Cryptomeria japonica(스기) 채택 — name_en Cedar(Cedrus)와는 다른 종이라 한국명을 우선,측백나무과의 늘푸른 침엽수예요 — 곧게 뻗은 붉은 줄기와 송곳 같은 잎이 숲을 이룹니다.
2,16,월계수,wolgyesu,https://commons.wikimedia.org/wiki/File:Laurus_nobilis_HRM1.jpg,https://upload.wikimedia.org/wikipedia/commons/1/1f/Laurus_nobilis_HRM1.jpg,Cillas,CC BY-SA 4.0,1280,파일 설명 Laurus nobilis 개화(마드리드 왕립식물원) — 원본 1280px,"지중해에서 온 녹나무과의 늘푸른 나무예요 — 봄에 노란 꽃이 잎겨드랑이에 모여 피고, 잎은 향신료로 씁니다."
2,17,야생화,yasaenghwa,https://commons.wikimedia.org/wiki/File:Wildflower_Meadow_(6997737191).jpg,https://upload.wikimedia.org/wikipedia/commons/thumb/0/00/Wildflower_Meadow_%286997737191%29.jpg/1280px-Wildflower_Meadow_%286997737191%29.jpg,"Mount Rainier National Park from Ashford, WA, United States",Public domain,2560,총칭 '야생화' — 특정 종이 아니라 아고산 야생화 군락(루피너스·인디언페인트브러시 등) 사진 채택,누가 심지 않아도 제 자리에서 피는 들꽃들이에요 — 계절마다 다른 얼굴로 초원을 물들입니다.
2,18,미나리아재비,minariajaebi-0120,https://commons.wikimedia.org/wiki/File:Ranunculus_japonicus_3.JPG,https://upload.wikimedia.org/wikipedia/commons/thumb/0/05/Ranunculus_japonicus_3.JPG/1280px-Ranunculus_japonicus_3.JPG,Dalgial,CC BY-SA 3.0,4272,name_en Butter Cup — 한국 미나리아재비 Ranunculus japonicus,미나리아재비과의 여러해살이풀이에요 — 기름을 바른 듯 반짝이는 노란 꽃잎이 특징입니다.
2,19,떡갈나무,tteokgalnamu-0219,https://commons.wikimedia.org/wiki/File:Daimyo_Oak_20170513_IMG_8412.jpg,https://upload.wikimedia.org/wikipedia/commons/thumb/f/f6/Daimyo_Oak_20170513_IMG_8412.jpg/1280px-Daimyo_Oak_20170513_IMG_8412.jpg,あおもりくま(Aomorikuma),CC BY-SA 4.0,3264,파일 설명 Quercus dentata 수꽃차례,"참나무과의 낙엽 큰키나무예요 — 봄에 늘어진 수꽃차례를 달고, 두툼한 잎으로 떡을 싸기도 했습니다."
2,20,칼미아,kalmia,https://commons.wikimedia.org/wiki/File:Mountain_Laurel_in_Bloom_(33956585443).jpg,https://upload.wikimedia.org/wikipedia/commons/thumb/a/a0/Mountain_Laurel_in_Bloom_%2833956585443%29.jpg/1280px-Mountain_Laurel_in_Bloom_%2833956585443%29.jpg,"Katja Schulz from Washington, D. C., USA",CC BY 2.0,4000,CSV 속명 Kalmia — K. latifolia 개화. 설명만 Kalmia이고 실물이 다른 속으로 보이는 후보 파일은 배제,북아메리카가 고향인 진달래과의 늘푸른 관목이에요 — 접시 모양 꽃이 공처럼 모여 핍니다.
2,21,네모필라,nemopilra,https://commons.wikimedia.org/wiki/File:Nemophila_menziesii_7794.JPG,https://upload.wikimedia.org/wikipedia/commons/thumb/b/b9/Nemophila_menziesii_7794.JPG/1280px-Nemophila_menziesii_7794.JPG,Walter Siegmund,CC BY-SA 4.0,3456,파일 설명 Nemophila menziesii 일치,지치과의 한해살이풀이에요 — 하늘빛 다섯 장 꽃잎이 낮게 깔리며 봄 들판을 물들입니다.
2,22,무궁화,mugunghwa-0222,"https://commons.wikimedia.org/wiki/File:Flower_of_hibiscus_syriacus_in_Hakozaki_Campus,_Kyushu_University.jpg",https://upload.wikimedia.org/wikipedia/commons/thumb/6/69/Flower_of_hibiscus_syriacus_in_Hakozaki_Campus%2C_Kyushu_University.jpg/1280px-Flower_of_hibiscus_syriacus_in_Hakozaki_Campus%2C_Kyushu_University.jpg,そらみみ (Soramimi),CC BY-SA 4.0,2448,파일 설명 Hibiscus syriacus(무궁화) 일치,아욱과의 낙엽 관목이자 우리나라 나라꽃이에요 — 여름 내내 아침마다 새 꽃을 피웁니다.
2,23,살구꽃,salgukkot,"https://commons.wikimedia.org/wiki/File:%D0%90%D0%BB%D0%BC%D0%B0%D1%82%D1%8B,_%D1%80%D0%BE%D1%89%D0%B0_%D0%91%D0%B0%D1%83%D0%BC%D0%B0,_%D1%86%D0%B2%D0%B5%D1%82%D0%B5%D0%BD%D0%B8%D0%B5_%D0%B0%D0%B1%D1%80%D0%B8%D0%BA%D0%BE%D1%81%D0%B0_(5).jpg",https://upload.wikimedia.org/wikipedia/commons/thumb/2/22/%D0%90%D0%BB%D0%BC%D0%B0%D1%82%D1%8B%2C_%D1%80%D0%BE%D1%89%D0%B0_%D0%91%D0%B0%D1%83%D0%BC%D0%B0%2C_%D1%86%D0%B2%D0%B5%D1%82%D0%B5%D0%BD%D0%B8%D0%B5_%D0%B0%D0%B1%D1%80%D0%B8%D0%BA%D0%BE%D1%81%D0%B0_%285%29.jpg/1280px-%D0%90%D0%BB%D0%BC%D0%B0%D1%82%D1%8B%2C_%D1%80%D0%BE%D1%89%D0%B0_%D0%91%D0%B0%D1%83%D0%BC%D0%B0%2C_%D1%86%D0%B2%D0%B5%D1%82%D0%B5%D0%BD%D0%B8%D0%B5_%D0%B0%D0%B1%D1%80%D0%B8%D0%BA%D0%BE%D1%81%D0%B0_%285%29.jpg,ElenaLitera,CC BY-SA 4.0,3984,CSV 속명 Prunus — 살구 P. armeniaca 개화(알마티),장미과의 낙엽 큰키나무예요 — 잎이 나기 전 연분홍 꽃이 가지를 가득 덮습니다.
2,24,빙카,bingka,https://commons.wikimedia.org/wiki/File:A_flower_of_lesser_periwinkle_(Vinca_minor)_close_up.jpg,https://upload.wikimedia.org/wikipedia/commons/thumb/4/44/A_flower_of_lesser_periwinkle_%28Vinca_minor%29_close_up.jpg/1280px-A_flower_of_lesser_periwinkle_%28Vinca_minor%29_close_up.jpg,Naturformidleren,CC BY-SA 4.0,4624,name_en Periwinkle — Vinca minor 꽃 근접,협죽도과의 늘푸른 덩굴성 풀이에요 — 그늘진 땅을 덮으며 보랏빛 바람개비 같은 꽃을 피웁니다.
2,25,사향장미,sahyangjangmi,https://commons.wikimedia.org/wiki/File:Rosa_moschata_-_Rosengarten_am_Schlo%C3%9Fberg.jpg,https://upload.wikimedia.org/wikipedia/commons/thumb/9/98/Rosa_moschata_-_Rosengarten_am_Schlo%C3%9Fberg.jpg/1280px-Rosa_moschata_-_Rosengarten_am_Schlo%C3%9Fberg.jpg,Wilrooij,CC BY-SA 4.0,5472,파일 설명 Rosa moschata 개화(장미원),장미과의 덩굴성 장미예요 — 홑겹 흰 꽃에서 사향을 닮은 진한 향이 납니다.
2,26,아도니스,adoniseu,"https://commons.wikimedia.org/wiki/File:%E5%81%B4%E9%87%91%E7%9B%9E%E8%8A%B1_Adonis_amurensis_-%E9%A6%96%E7%88%BE%E5%88%87%E9%A0%AD%E5%B1%B1%E5%85%AC%E5%9C%92_Seoul,_South_Korea-_(33823991311).jpg",https://upload.wikimedia.org/wikipedia/commons/thumb/1/18/%E5%81%B4%E9%87%91%E7%9B%9E%E8%8A%B1_Adonis_amurensis_-%E9%A6%96%E7%88%BE%E5%88%87%E9%A0%AD%E5%B1%B1%E5%85%AC%E5%9C%92_Seoul%2C_South_Korea-_%2833823991311%29.jpg/1280px-%E5%81%B4%E9%87%91%E7%9B%9E%E8%8A%B1_Adonis_amurensis_-%E9%A6%96%E7%88%BE%E5%88%87%E9%A0%AD%E5%B1%B1%E5%85%AC%E5%9C%92_Seoul%2C_South_Korea-_%2833823991311%29.jpg,阿橋 HQ,CC BY-SA 2.0,2528,CSV 속명 Adonis — 한국 자생 복수초 A. amurensis 서울 촬영본,미나리아재비과의 여러해살이풀이에요 — 눈이 덜 녹은 이른 봄에 황금빛 꽃을 가장 먼저 엽니다.
2,27,아라비아의 별,arabiaui-byeol,https://commons.wikimedia.org/wiki/File:Ornithogalum_arabicum.jpg,https://upload.wikimedia.org/wikipedia/commons/thumb/8/8a/Ornithogalum_arabicum.jpg/1280px-Ornithogalum_arabicum.jpg,Smailtn,CC0,3024,파일 설명 Ornithogalum arabicum 일치 — 검은 씨방 확인,지중해에서 온 알뿌리 식물이에요 — 흰 꽃 한가운데 검은 씨방이 별처럼 박혀 있습니다.
2,28,보리,bori,https://commons.wikimedia.org/wiki/File:Champ_d%27Orge_carr%C3%A9e_(Hordeum_vulgare).jpg,https://upload.wikimedia.org/wikipedia/commons/thumb/8/8f/Champ_d%27Orge_carr%C3%A9e_%28Hordeum_vulgare%29.jpg/1280px-Champ_d%27Orge_carr%C3%A9e_%28Hordeum_vulgare%29.jpg,JackyM59,CC BY-SA 4.0,5366,name_en Straw — 보리 Hordeum vulgare 밭,벼과의 한해살이 곡물이에요 — 초여름이면 까끄라기 달린 이삭이 들판을 금빛으로 물들입니다.
2,29,아르메리아,areumeria,https://commons.wikimedia.org/wiki/File:20230519_Gew%C3%B6hnliche_Grasnelke_(Armeria_maritima).jpg,https://upload.wikimedia.org/wikipedia/commons/thumb/f/f7/20230519_Gew%C3%B6hnliche_Grasnelke_%28Armeria_maritima%29.jpg/1280px-20230519_Gew%C3%B6hnliche_Grasnelke_%28Armeria_maritima%29.jpg,Matthias Bethke,CC BY-SA 4.0,6000,CSV 속명 Armeria — A. maritima,바닷가 바위에 붙어 사는 갯질경과의 여러해살이풀이에요 — 방석 같은 잎 위로 분홍 꽃방울을 올립니다.
3,2,미나리아재비,minariajaebi-0120,https://commons.wikimedia.org/wiki/File:Ranunculus_japonicus_3.JPG,https://upload.wikimedia.org/wikipedia/commons/thumb/0/05/Ranunculus_japonicus_3.JPG/1280px-Ranunculus_japonicus_3.JPG,Dalgial,CC BY-SA 3.0,4272,name_en Butter Cup — 한국 미나리아재비 Ranunculus japonicus,미나리아재비과의 여러해살이풀이에요 — 기름을 바른 듯 반짝이는 노란 꽃잎이 특징입니다.
3,3,자운영,jaunyeong,https://commons.wikimedia.org/wiki/File:Astragalus_sinicus_3.JPG,https://upload.wikimedia.org/wikipedia/commons/thumb/4/4e/Astragalus_sinicus_3.JPG/1280px-Astragalus_sinicus_3.JPG,Dalgial,CC BY 3.0,3264,CSV 속명 Astragalus — 자운영 A. sinicus,"콩과의 두해살이풀이에요 — 논에 거름으로 심어, 봄이면 분홍 꽃이 논바닥을 덮습니다."
3,4,나무딸기,namuttalgi,https://commons.wikimedia.org/wiki/File:Rubus_idaeus_kz05.jpg,https://upload.wikimedia.org/wikipedia/commons/thumb/f/f5/Rubus_idaeus_kz05.jpg/1280px-Rubus_idaeus_kz05.jpg,"Krzysztof Ziarnek, Kenraiz",CC BY-SA 4.0,4058,name_en Raspberry — Rubus idaeus 개화(야생 개체),장미과의 낙엽 떨기나무예요 — 흰 꽃이 진 자리에 붉은 산딸기가 익습니다.
3,7,황새냉이,hwangsaenaengi,https://commons.wikimedia.org/wiki/File:Cardamine_flexuosa_kz06.jpg,https://upload.wikimedia.org/wikipedia/commons/thumb/4/47/Cardamine_flexuosa_kz06.jpg/1280px-Cardamine_flexuosa_kz06.jpg,"Krzysztof Ziarnek, Kenraiz",CC BY-SA 4.0,3578,CSV 속명 Cardamine — 황새냉이에 해당하는 C. flexuosa,십자화과의 작은 봄나물이에요 — 논둑과 밭가에서 흰 꽃잎 네 장을 십자로 펼칩니다.
3,8,밤꽃,bamkkot,https://commons.wikimedia.org/wiki/File:Japanese_Chestnut02.jpg,https://upload.wikimedia.org/wikipedia/commons/thumb/2/24/Japanese_Chestnut02.jpg/1280px-Japanese_Chestnut02.jpg,Apple2000,CC BY-SA 3.0,3072,CSV 속명 Castanea — 한국·일본 밤나무 C. crenata 수꽃차례,참나무과의 낙엽 큰키나무예요 — 초여름이면 크림빛 수꽃차례가 늘어지며 짙은 향을 퍼뜨립니다.
3,9,낙엽송,nakyeopsong,https://commons.wikimedia.org/wiki/File:Larix_kaempferi_01.jpg,https://upload.wikimedia.org/wikipedia/commons/thumb/b/bb/Larix_kaempferi_01.jpg/1280px-Larix_kaempferi_01.jpg,Σ64,CC BY 3.0,3888,name_en Larch — 낙엽송 Larix kaempferi(후지산),"잎을 떨구는 보기 드문 침엽수예요 — 봄엔 연둣빛 새잎, 가을엔 황금빛으로 산을 물들입니다."
3,10,느릅나무,neureupnamu-0310,https://commons.wikimedia.org/wiki/File:SHHG_Ulmus_davidiana.jpg,https://upload.wikimedia.org/wikipedia/commons/thumb/f/f2/SHHG_Ulmus_davidiana.jpg/1280px-SHHG_Ulmus_davidiana.jpg,Ptelea,CC BY-SA 4.0,2108,name_en은 Hackberry(팽나무)지만 name_ko 느릅나무 기준으로 Ulmus davidiana 채택,느릅나무과의 낙엽 큰키나무예요 — 잎보다 먼저 자잘한 꽃이 피고 날개 달린 열매가 바람에 날립니다.
3,11,씀바귀,sseumbagwi,https://commons.wikimedia.org/wiki/File:Ixeridium_dentatum_1.jpg,https://upload.wikimedia.org/wikipedia/commons/thumb/6/64/Ixeridium_dentatum_1.jpg/1280px-Ixeridium_dentatum_1.jpg,bastus917,CC BY-SA 2.0,3888,CSV 속명 Ixeris — 씀바귀 Ixeridium dentatum(= Ixeris dentata),"국화과의 여러해살이풀이에요 — 쓴맛 나는 잎을 나물로 먹고, 봄에 노란 혀꽃이 핍니다."
3,12,수양버들,suyangbeodeul,"https://commons.wikimedia.org/wiki/File:Cornjum,_Martenastate,_(tuin)_03.jpg",https://upload.wikimedia.org/wikipedia/commons/thumb/a/ae/Cornjum%2C_Martenastate%2C_%28tuin%29_03.jpg/1280px-Cornjum%2C_Martenastate%2C_%28tuin%29_03.jpg,Dominicus Johannes Bergsma,CC BY-SA 4.0,3048,파일 설명 Salix babylonica 일치,버드나무과의 낙엽 큰키나무예요 — 물가로 길게 늘어진 가지에 봄이면 연둣빛 꽃차례가 달립니다.
3,13,산옥잠화,sanokjamhwa,https://commons.wikimedia.org/wiki/File:Hosta_sieboldiana_(flower).jpg,https://upload.wikimedia.org/wikipedia/commons/thumb/8/81/Hosta_sieboldiana_%28flower%29.jpg/1280px-Hosta_sieboldiana_%28flower%29.jpg,Alpsdake,CC BY-SA 4.0,3200,속 대표종 — 산옥잠화(Hosta longissima) 사진이 커먼즈에 없어 비비추속 대표 개화 사진(H. sieboldiana) 채택. name_en Day Lily는 원자료 표기 오류로 판단,그늘을 좋아하는 비비추속의 여러해살이풀이에요 — 넓은 잎 사이로 긴 꽃대를 올려 나팔 모양 꽃을 답니다.
3,14,아몬드,amondeu,https://commons.wikimedia.org/wiki/File:Prunus_dulcis_in_Jardins_de_la_Fontaine_in_Nimes_13.jpg,https://upload.wikimedia.org/wikipedia/commons/thumb/d/d5/Prunus_dulcis_in_Jardins_de_la_Fontaine_in_Nimes_13.jpg/1280px-Prunus_dulcis_in_Jardins_de_la_Fontaine_in_Nimes_13.jpg,Krzysztof Golik,CC BY-SA 4.0,3263,파일 설명 Prunus dulcis 개화(님 식물원),"장미과의 낙엽 큰키나무예요 — 이른 봄 연분홍 꽃이 먼저 피고, 씨앗 속 알맹이를 먹습니다."
3,15,독당근,dokdanggeun,https://commons.wikimedia.org/wiki/File:Conium_maculatum_inflorescence_(02).jpg,https://upload.wikimedia.org/wikipedia/commons/thumb/d/da/Conium_maculatum_inflorescence_%2802%29.jpg/1280px-Conium_maculatum_inflorescence_%2802%29.jpg,Marie Portas,CC BY-SA 2.0 fr,3828,파일 설명 Conium maculatum 꽃차례,산형과의 두해살이풀이에요 — 흰 꽃이 우산처럼 퍼지지만 온몸에 강한 독을 품고 있습니다.
3,16,박하,bakha-0316,https://commons.wikimedia.org/wiki/File:Mentha_canadensis.jpg,https://upload.wikimedia.org/wikipedia/commons/thumb/b/b3/Mentha_canadensis.jpg/1280px-Mentha_canadensis.jpg,Mjhuft,CC BY-SA 4.0,1663,name_en Mint — 한국 박하에 해당하는 Mentha canadensis,꿀풀과의 여러해살이 허브예요 — 잎에서 시원한 향이 나고 잎겨드랑이마다 연보라 꽃이 뭉쳐 핍니다.
3,17,콩꽃,kongkkot,https://commons.wikimedia.org/wiki/File:Flor_de_frijol_(Phaseolus_vulgaris)_I.jpg,https://upload.wikimedia.org/wikipedia/commons/thumb/3/35/Flor_de_frijol_%28Phaseolus_vulgaris%29_I.jpg/1280px-Flor_de_frijol_%28Phaseolus_vulgaris%29_I.jpg,Juan Carlos Fonseca Mata,CC BY-SA 4.0,7681,name_en Beans — 강낭콩 Phaseolus vulgaris 꽃 근접,콩과의 한해살이 덩굴풀이에요 — 나비 모양 꽃이 지고 나면 그 자리에 꼬투리가 맺힙니다.
3,18,아스파라거스,aseuparageoseu,https://commons.wikimedia.org/wiki/File:Asparagus_officinalis_15-p.bot-lilia.aspar-04.jpg,https://upload.wikimedia.org/wikipedia/commons/thumb/e/e1/Asparagus_officinalis_15-p.bot-lilia.aspar-04.jpg/1280px-Asparagus_officinalis_15-p.bot-lilia.aspar-04.jpg,"Ayotte, Gilles, 1948-",CC BY-SA 4.0,3456,CSV 속명 Asparagus — A. officinalis 꽃차례,"비짜루과의 여러해살이풀이에요 — 봄에 올라온 어린 순을 먹고, 여름엔 실 같은 잎에 종 모양 꽃이 달립니다."
3,19,치자나무,chijanamu,https://commons.wikimedia.org/wiki/File:Gardenia_jasminoides_flower_Argentina.jpg,https://upload.wikimedia.org/wikipedia/commons/thumb/5/54/Gardenia_jasminoides_flower_Argentina.jpg/1280px-Gardenia_jasminoides_flower_Argentina.jpg,Adriel anv00,CC BY-SA 4.0,4608,파일 설명 Gardenia jasminoides 개화,"꼭두서니과의 늘푸른 관목이에요 — 두꺼운 흰 꽃이 짙은 향을 내고, 열매는 노란 물감으로 씁니다."
3,21,벚꽃난,beotkkotnan,https://commons.wikimedia.org/wiki/File:Hoya_carnosa_-_umbel_with_nectar_droplets.jpg,https://upload.wikimedia.org/wikipedia/commons/thumb/f/f4/Hoya_carnosa_-_umbel_with_nectar_droplets.jpg/1280px-Hoya_carnosa_-_umbel_with_nectar_droplets.jpg,Franz van Duns,CC BY-SA 4.0,7952,name_en Honey-Plant — 호야 Hoya carnosa 산형꽃차례,협죽도과의 늘푸른 덩굴식물이에요 — 밀랍을 빚은 듯한 별 모양 꽃이 공처럼 모여 달립니다.
3,22,당아욱,dangauk,https://commons.wikimedia.org/wiki/File:Mallow_January_2008-1.jpg,https://upload.wikimedia.org/wikipedia/commons/thumb/0/09/Mallow_January_2008-1.jpg/1280px-Mallow_January_2008-1.jpg,Alvesgaspar,CC BY-SA 3.0,3004,name_en Mallow — 당아욱 Malva sylvestris,아욱과의 여러해살이풀이에요 — 자줏빛 줄무늬가 그어진 꽃잎 다섯 장이 활짝 펼쳐집니다.
3,24,금영화,geumyeonghwa,https://commons.wikimedia.org/wiki/File:Kaldari_Eschscholzia_californica_01.jpg,https://upload.wikimedia.org/wikipedia/commons/thumb/8/83/Kaldari_Eschscholzia_californica_01.jpg/1280px-Kaldari_Eschscholzia_californica_01.jpg,Kaldari,CC0,2600,파일 설명 Eschscholzia californica 일치,양귀비과의 한해살이풀이에요 — 햇빛이 들면 주황빛 꽃잔을 열고 흐리면 다시 오므립니다.
3,25,덩굴성 식물,deonggulseong-sikmul,https://commons.wikimedia.org/wiki/File:Cl%C3%A9matite_montagnes_FR_2013.jpg,https://upload.wikimedia.org/wikipedia/commons/thumb/2/27/Cl%C3%A9matite_montagnes_FR_2013.jpg/1280px-Cl%C3%A9matite_montagnes_FR_2013.jpg,JLPC,CC BY-SA 3.0,3368,총칭 '덩굴성 식물' — 대표 덩굴식물로 으아리속 Clematis montana 개화 사진 채택,스스로 서는 대신 다른 것을 붙잡고 오르는 식물들이에요 — 덩굴손과 흡반으로 빛을 향해 올라갑니다.
3,27,칼세올라리아,kalseolraria,https://commons.wikimedia.org/wiki/File:Calceolaria_biflora_kz01.jpg,https://upload.wikimedia.org/wikipedia/commons/thumb/c/c8/Calceolaria_biflora_kz01.jpg/1280px-Calceolaria_biflora_kz01.jpg,"Krzysztof Ziarnek, Kenraiz",CC BY-SA 4.0,2815,CSV 속명 Calceolaria — 식물원 라벨로 종이 확인된 C. biflora,남아메리카가 고향인 여러해살이풀이에요 — 주머니처럼 부푼 아랫입술 꽃잎이 신발을 닮았습니다.
3,28,꽃아카시아나무,kkotakasianamu,https://commons.wikimedia.org/wiki/File:Robinia_hispida_-_Flickr_-_peganum.jpg,https://upload.wikimedia.org/wikipedia/commons/thumb/e/e2/Robinia_hispida_-_Flickr_-_peganum.jpg/1280px-Robinia_hispida_-_Flickr_-_peganum.jpg,"peganum from Small Dole, England",CC BY-SA 2.0,4000,파일 설명 Robinia hispida 개화,콩과의 낙엽 관목이에요 — 붉은 센털이 덮인 가지에 분홍 나비 모양 꽃이 늘어집니다.
3,29,우엉,ueong,https://commons.wikimedia.org/wiki/File:Arctium_lappa_-_flowers.jpg,https://upload.wikimedia.org/wikipedia/commons/thumb/c/cb/Arctium_lappa_-_flowers.jpg/1280px-Arctium_lappa_-_flowers.jpg,Bartosz Cuber,CC BY-SA 3.0,1477,CSV 속명 Arctium — 우엉 A. lappa 꽃 근접,"국화과의 두해살이풀이에요 — 갈고리 달린 총포에 둘러싸인 자주색 꽃이 피고, 뿌리를 먹습니다."
3,30,금작화,geumjakhwa,https://commons.wikimedia.org/wiki/File:Cytisus_scoparius_04.2026_(1).jpg,https://upload.wikimedia.org/wikipedia/commons/thumb/b/bc/Cytisus_scoparius_04.2026_%281%29.jpg/1280px-Cytisus_scoparius_04.2026_%281%29.jpg,DidierFy,CC BY-SA 4.0,8192,name_en Broom — 금작화 Cytisus scoparius 개화,콩과의 낙엽 관목이에요 — 빗자루처럼 곧은 가지마다 노란 나비 모양 꽃이 빼곡히 핍니다.
3,31,흑종초,heukjongcho,https://commons.wikimedia.org/wiki/File:Nigella_damascena_sl3.jpg,https://upload.wikimedia.org/wikipedia/commons/thumb/6/6f/Nigella_damascena_sl3.jpg/1280px-Nigella_damascena_sl3.jpg,Stefan.lefnaer,CC BY-SA 4.0,4128,파일 설명 Nigella damascena 꽃차례,미나리아재비과의 한해살이풀이에요 — 실처럼 가는 잎이 안개처럼 꽃을 감싸 안습니다.
4,1,아몬드,amondeu,https://commons.wikimedia.org/wiki/File:Prunus_dulcis_in_Jardins_de_la_Fontaine_in_Nimes_13.jpg,https://upload.wikimedia.org/wikipedia/commons/thumb/d/d5/Prunus_dulcis_in_Jardins_de_la_Fontaine_in_Nimes_13.jpg/1280px-Prunus_dulcis_in_Jardins_de_la_Fontaine_in_Nimes_13.jpg,Krzysztof Golik,CC BY-SA 4.0,3263,파일 설명 Prunus dulcis 개화(님 식물원),"장미과의 낙엽 큰키나무예요 — 이른 봄 연분홍 꽃이 먼저 피고, 씨앗 속 알맹이를 먹습니다."
4,5,무화과,muhwagwa,https://commons.wikimedia.org/wiki/File:20210731_Hortus_botanicus_Leiden_-_Ficus_carica.jpg,https://upload.wikimedia.org/wikipedia/commons/thumb/e/e8/20210731_Hortus_botanicus_Leiden_-_Ficus_carica.jpg/1280px-20210731_Hortus_botanicus_Leiden_-_Ficus_carica.jpg,Rudolphous,CC BY-SA 4.0,4032,name_en Fig-Tree — Ficus carica(라이덴 식물원). 무화과는 꽃이 열매 속에 숨어 피어 외부 개화 사진이 존재하지 않음,뽕나무과의 낙엽 나무예요 — 꽃이 열매 속에 숨어 피어서 '꽃 없는 열매'라 불립니다.
4,6,아도니스,adoniseu,"https://commons.wikimedia.org/wiki/File:%E5%81%B4%E9%87%91%E7%9B%9E%E8%8A%B1_Adonis_amurensis_-%E9%A6%96%E7%88%BE%E5%88%87%E9%A0%AD%E5%B1%B1%E5%85%AC%E5%9C%92_Seoul,_South_Korea-_(33823991311).jpg",https://upload.wikimedia.org/wikipedia/commons/thumb/1/18/%E5%81%B4%E9%87%91%E7%9B%9E%E8%8A%B1_Adonis_amurensis_-%E9%A6%96%E7%88%BE%E5%88%87%E9%A0%AD%E5%B1%B1%E5%85%AC%E5%9C%92_Seoul%2C_South_Korea-_%2833823991311%29.jpg/1280px-%E5%81%B4%E9%87%91%E7%9B%9E%E8%8A%B1_Adonis_amurensis_-%E9%A6%96%E7%88%BE%E5%88%87%E9%A0%AD%E5%B1%B1%E5%85%AC%E5%9C%92_Seoul%2C_South_Korea-_%2833823991311%29.jpg,阿橋 HQ,CC BY-SA 2.0,2528,CSV 속명 Adonis — 한국 자생 복수초 A. amurensis 서울 촬영본,미나리아재비과의 여러해살이풀이에요 — 눈이 덜 녹은 이른 봄에 황금빛 꽃을 가장 먼저 엽니다.
4,7,공작고사리,gongjakgosari,"https://commons.wikimedia.org/wiki/File:Adiantum_pedatum_(northern_maidenhair_fern),_Willsboro,_NY_(32127843596).jpg",https://upload.wikimedia.org/wikipedia/commons/thumb/8/86/Adiantum_pedatum_%28northern_maidenhair_fern%29%2C_Willsboro%2C_NY_%2832127843596%29.jpg/1280px-Adiantum_pedatum_%28northern_maidenhair_fern%29%2C_Willsboro%2C_NY_%2832127843596%29.jpg,"Doug McGrady from Warwick, RI, USA",CC BY 2.0,2967,CSV 속명 Adiantum — 공작고사리 A. pedatum,포자로 번지는 양치식물이에요 — 검은 잎자루에서 잎이 공작 꼬리처럼 둥글게 펼쳐집니다.
4,8,금작화,geumjakhwa,https://commons.wikimedia.org/wiki/File:Cytisus_scoparius_04.2026_(1).jpg,https://upload.wikimedia.org/wikipedia/commons/thumb/b/bc/Cytisus_scoparius_04.2026_%281%29.jpg/1280px-Cytisus_scoparius_04.2026_%281%29.jpg,DidierFy,CC BY-SA 4.0,8192,name_en Broom — 금작화 Cytisus scoparius 개화,콩과의 낙엽 관목이에요 — 빗자루처럼 곧은 가지마다 노란 나비 모양 꽃이 빼곡히 핍니다.
4,10,빙카,bingka,https://commons.wikimedia.org/wiki/File:A_flower_of_lesser_periwinkle_(Vinca_minor)_close_up.jpg,https://upload.wikimedia.org/wikipedia/commons/thumb/4/44/A_flower_of_lesser_periwinkle_%28Vinca_minor%29_close_up.jpg/1280px-A_flower_of_lesser_periwinkle_%28Vinca_minor%29_close_up.jpg,Naturformidleren,CC BY-SA 4.0,4624,name_en Periwinkle — Vinca minor 꽃 근접,협죽도과의 늘푸른 덩굴성 풀이에요 — 그늘진 땅을 덮으며 보랏빛 바람개비 같은 꽃을 피웁니다.
4,11,꽃고비,kkotgobi,https://commons.wikimedia.org/wiki/File:Polemonium_caeruleum_RF.jpg,https://upload.wikimedia.org/wikipedia/commons/thumb/6/6d/Polemonium_caeruleum_RF.jpg/1280px-Polemonium_caeruleum_RF.jpg,Robert Flogaus-Faust,CC BY 4.0,4608,파일 설명 Polemonium caeruleum 일치,꽃고비과의 여러해살이풀이에요 — 사다리처럼 마주 붙은 잎 위로 푸른 종 모양 꽃이 모여 핍니다.
4,12,복사꽃,boksakkot,"https://commons.wikimedia.org/wiki/File:Alishan,_Part_II_-_Alishan5306.jpg",https://upload.wikimedia.org/wikipedia/commons/thumb/7/7d/Alishan%2C_Part_II_-_Alishan5306.jpg/1280px-Alishan%2C_Part_II_-_Alishan5306.jpg,lumoplank,CC0,4899,name_en Peach — 복숭아 Prunus persica 개화,장미과의 낙엽 큰키나무예요 — 잎이 나기 전 분홍 꽃이 가지를 감싸듯 피어납니다.
4,13,페르시아 국화,pereusia-gukhwa,https://commons.wikimedia.org/wiki/File:2007_coreopsis_tinctoria.jpg,https://upload.wikimedia.org/wikipedia/commons/thumb/e/e0/2007_coreopsis_tinctoria.jpg/1280px-2007_coreopsis_tinctoria.jpg,Rl,CC BY-SA 3.0,3008,name_en Golden Wave — 기생초(페르시아국화) Coreopsis tinctoria,국화과의 한해살이풀이에요 — 노란 꽃잎 안쪽에 붉은 고리가 둘러진 것이 특징입니다.
4,14,흰나팔꽃,huinnapalkkot,https://commons.wikimedia.org/wiki/File:Ipomoea_alba_Alhambra_Spain.jpg,https://upload.wikimedia.org/wikipedia/commons/thumb/9/93/Ipomoea_alba_Alhambra_Spain.jpg/1280px-Ipomoea_alba_Alhambra_Spain.jpg,Jebulon,CC0,3083,학명 없음 — '흰나팔꽃'에 정확히 대응하는 종을 특정할 수 없어 나팔꽃속(Ipomoea)의 백색 대표종 Ipomoea alba 채택,메꽃과의 덩굴성 풀이에요 — 나팔처럼 벌어진 흰 꽃이 딱 하루만 피고 집니다.
4,15,펜 오키드,pen-okideu,https://commons.wikimedia.org/wiki/File:Groenknolorchis_-_fen_orchid_-_Liparis_loeselii_2.jpg,https://upload.wikimedia.org/wikipedia/commons/thumb/a/aa/Groenknolorchis_-_fen_orchid_-_Liparis_loeselii_2.jpg/1280px-Groenknolorchis_-_fen_orchid_-_Liparis_loeselii_2.jpg,Bouke ten Cate,CC BY 4.0,2559,name_en Fen Orchid — Liparis loeselii 개화(폴란드 습지),습지에 사는 난초과의 여러해살이풀이에요 — 두 장의 반들거리는 잎 사이로 연둣빛 작은 꽃을 올립니다.
4,18,자운영,jaunyeong,https://commons.wikimedia.org/wiki/File:Astragalus_sinicus_3.JPG,https://upload.wikimedia.org/wikipedia/commons/thumb/4/4e/Astragalus_sinicus_3.JPG/1280px-Astragalus_sinicus_3.JPG,Dalgial,CC BY 3.0,3264,CSV 속명 Astragalus — 자운영 A. sinicus,"콩과의 두해살이풀이에요 — 논에 거름으로 심어, 봄이면 분홍 꽃이 논바닥을 덮습니다."
4,20,배나무,baenamu,https://commons.wikimedia.org/wiki/File:Pyrus_pyrifolia_(Shinko)_inflorescence2.JPG,https://upload.wikimedia.org/wikipedia/commons/thumb/d/da/Pyrus_pyrifolia_%28Shinko%29_inflorescence2.JPG/1280px-Pyrus_pyrifolia_%28Shinko%29_inflorescence2.JPG,PumpkinSky,CC BY-SA 4.0,6000,name_en Pear — 한국·동아시아 배나무 Pyrus pyrifolia 꽃차례,"장미과의 낙엽 큰키나무예요 — 봄에 흰 꽃잎 다섯 장이 모여 피고, 가을에 배가 익습니다."
4,21,수양버들,suyangbeodeul,"https://commons.wikimedia.org/wiki/File:Cornjum,_Martenastate,_(tuin)_03.jpg",https://upload.wikimedia.org/wikipedia/commons/thumb/a/ae/Cornjum%2C_Martenastate%2C_%28tuin%29_03.jpg/1280px-Cornjum%2C_Martenastate%2C_%28tuin%29_03.jpg,Dominicus Johannes Bergsma,CC BY-SA 4.0,3048,파일 설명 Salix babylonica 일치,버드나무과의 낙엽 큰키나무예요 — 물가로 길게 늘어진 가지에 봄이면 연둣빛 꽃차례가 달립니다.
4,23,도라지,doraji,https://commons.wikimedia.org/wiki/File:Platycodon_grandiflorus_(flower_s2).jpg,https://upload.wikimedia.org/wikipedia/commons/thumb/6/6a/Platycodon_grandiflorus_%28flower_s2%29.jpg/1280px-Platycodon_grandiflorus_%28flower_s2%29.jpg,Alpsdake,CC BY-SA 4.0,3840,파일 설명 Platycodon grandiflorus 개화,초롱꽃과의 여러해살이풀이에요 — 풍선처럼 부푼 꽃봉오리가 별 모양으로 터지듯 열립니다.
4,25,중국 패모,jungguk-paemo,https://commons.wikimedia.org/wiki/File:Fritillaria_thunbergii.jpg,https://upload.wikimedia.org/wikipedia/commons/thumb/5/59/Fritillaria_thunbergii.jpg/1280px-Fritillaria_thunbergii.jpg,James Steakley,CC BY-SA 3.0,2136,파일 설명 Fritillaria thunbergii 일치,백합과의 알뿌리 식물이에요 — 고개 숙인 연둣빛 종 모양 꽃이 줄기를 따라 달립니다.
4,26,논냉이,nonnaengi,https://commons.wikimedia.org/wiki/File:Cardamine_lyrata.jpg,https://upload.wikimedia.org/wikipedia/commons/7/7e/Cardamine_lyrata.jpg,batra3x,CC BY 2.0,800,파일 설명 Cardamine lyrata 일치. 커먼즈 전체에 이 종 파일이 1건뿐이라 원본 800px(1200 미달)·비개화 상태를 감수하고 채택,물가와 논에 자라는 십자화과의 여러해살이풀이에요 — 둥근 잎이 줄기를 따라 달리고 흰 꽃잎 네 장이 십자로 핍니다.
4,30,금사슬나무,geumsaseulnamu,https://commons.wikimedia.org/wiki/File:Laburnum_anagyroides_Medik._Cytise_-_Aubour_JdP.jpg,https://upload.wikimedia.org/wikipedia/commons/thumb/3/3f/Laburnum_anagyroides_Medik._Cytise_-_Aubour_JdP.jpg/1280px-Laburnum_anagyroides_Medik._Cytise_-_Aubour_JdP.jpg,Jebulon,CC0,3099,name_en Golden-Chain — Laburnum anagyroides 개화(파리 식물원),콩과의 낙엽 큰키나무예요 — 초여름이면 노란 꽃송이가 사슬처럼 길게 늘어집니다.
5,1,카우슬립 앵초,kauseulrip-aengcho,https://commons.wikimedia.org/wiki/File:Primula_veris20170513_7568.jpg,https://upload.wikimedia.org/wikipedia/commons/thumb/a/a2/Primula_veris20170513_7568.jpg/1280px-Primula_veris20170513_7568.jpg,Bff,CC BY-SA 4.0,2100,Primula veris 종 일치 — 영문명 Cowslip의 정명. 검은 배경 근접컷,이른 봄 풀밭에서 노란 종 여러 개를 한 대에 매달고 고개를 숙여요.
5,2,미나리아재비,minariajaebi-0502,https://commons.wikimedia.org/wiki/File:Ranunculus_japonicus_Keelung.jpg,https://upload.wikimedia.org/wikipedia/commons/thumb/2/26/Ranunculus_japonicus_Keelung.jpg/1280px-Ranunculus_japonicus_Keelung.jpg,K1ng8766,CC0,2048,"Ranunculus japonicus 종 일치 — 국명 미나리아재비의 정명. CC0. 더 가까운 컷(1200~1237px급)은 1280px 썸네일을 만들 수 없어 제외했고, 이 컷은 중거리라 카드용으로는 크롭 필요","들판에 흔한 노란 다섯 잎 꽃인데, 꽃잎이 기름칠한 듯 반짝여요."
5,3,민들레,mindeulre,https://commons.wikimedia.org/wiki/File:Paardenbloem_%28Taraxacum_officinale%29_06.JPG,https://upload.wikimedia.org/wikipedia/commons/thumb/d/d9/Paardenbloem_%28Taraxacum_officinale%29_06.JPG/1280px-Paardenbloem_%28Taraxacum_officinale%29_06.JPG,Dominicus Johannes Bergsma,CC BY-SA 3.0,3094,Taraxacum officinale 종 일치 — 설상화만으로 이뤄진 두상화와 톱니 잎을 육안 확인. 앞서 검토한 'Taraxacum officinale side makro.jpg'는 파일명과 달리 민들레속이 아니어서 탈락,"밟혀도 다시 서고, 씨앗이 되고 나면 바람만 기다려요."
5,4,딸기,ttalgi,https://commons.wikimedia.org/wiki/File:Fragaria_vesca_-_metsmaasikas.jpg,https://upload.wikimedia.org/wikipedia/commons/thumb/c/c1/Fragaria_vesca_-_metsmaasikas.jpg/1280px-Fragaria_vesca_-_metsmaasikas.jpg,Ivar Leidus,CC BY-SA 3.0,4971,Fragaria vesca(숲딸기) — 원 표에 학명이 없고 영문명 Strawberry만 있음. 재배 딸기 F. x ananassa와는 다른 종. 흰 꽃과 붉은 열매가 한 컷에 함께 담김,흰 다섯 잎 꽃이 지고 나면 그 자리에 붉은 열매가 앉아요.
5,7,딸기,ttalgi,https://commons.wikimedia.org/wiki/File:Fragaria_vesca_-_metsmaasikas.jpg,https://upload.wikimedia.org/wikipedia/commons/thumb/c/c1/Fragaria_vesca_-_metsmaasikas.jpg/1280px-Fragaria_vesca_-_metsmaasikas.jpg,Ivar Leidus,CC BY-SA 3.0,4971,Fragaria vesca(숲딸기) — 원 표에 학명이 없고 영문명 Strawberry만 있음. 재배 딸기 F. x ananassa와는 다른 종. 흰 꽃과 붉은 열매가 한 컷에 함께 담김,흰 다섯 잎 꽃이 지고 나면 그 자리에 붉은 열매가 앉아요.
5,11,사과,sagwa-0511,https://commons.wikimedia.org/wiki/File:P%C3%B6rtschach_Winklern_10.-Oktober-Stra%C3%9Fe_67_Jonagold_Apfelbl%C3%BCte_23042015_2568.jpg,https://upload.wikimedia.org/wikipedia/commons/thumb/9/97/P%C3%B6rtschach_Winklern_10.-Oktober-Stra%C3%9Fe_67_Jonagold_Apfelbl%C3%BCte_23042015_2568.jpg/1280px-P%C3%B6rtschach_Winklern_10.-Oktober-Stra%C3%9Fe_67_Jonagold_Apfelbl%C3%BCte_23042015_2568.jpg,Johann Jaritz,CC BY-SA 4.0,7360,Malus domestica 종 일치 — 'Jonagold' 품종 사과꽃 접사,가지마다 분홍 봉오리가 열리면서 흰 꽃으로 벌어져요.
5,12,라일락,railrak,https://commons.wikimedia.org/wiki/File:Syringa_vulgaris_15-p.bot-syrin.vulga-18.jpg,https://upload.wikimedia.org/wikipedia/commons/thumb/2/23/Syringa_vulgaris_15-p.bot-syrin.vulga-18.jpg/1280px-Syringa_vulgaris_15-p.bot-syrin.vulga-18.jpg,"Ayotte, Gilles, 1948-",CC BY-SA 4.0,2454,Syringa vulgaris 종 일치 — 검은 배경 원추꽃차례 접사. 5/30 보랏빛 라일락과 다른 컷,"작은 통꽃이 원뿔로 모여 피고, 향이 늘 먼저 도착해요."
5,13,산사나무,sansanamu,https://commons.wikimedia.org/wiki/File:Crataegus_pinnatifida%27s_flower.JPG,https://upload.wikimedia.org/wikipedia/commons/thumb/8/81/Crataegus_pinnatifida%27s_flower.JPG/1280px-Crataegus_pinnatifida%27s_flower.JPG,Dalgial,CC BY-SA 3.0,3264,Crataegus pinnatifida 종 일치 — 국명 산사나무의 정명(영문명 Hawthorn은 속 단위 통칭),"흰 꽃이 우산처럼 모여 피고, 가을엔 붉은 열매가 그 자리에 달려요."
5,14,매발톱꽃,maebaltopkkot,https://commons.wikimedia.org/wiki/File:Aquilegia_vulgaris_Gemeindealpe_01.JPG,https://upload.wikimedia.org/wikipedia/commons/thumb/0/0d/Aquilegia_vulgaris_Gemeindealpe_01.JPG/1280px-Aquilegia_vulgaris_Gemeindealpe_01.JPG,Uoaei1,CC BY-SA 4.0,4000,Aquilegia vulgaris 종 일치 — 원예 매발톱의 기준종. 국내 자생 A. buergeriana var. oxysepala와는 별개,꽃잎 뒤로 매 발톱처럼 굽은 꿀주머니가 다섯 개 뻗어 있어요.
5,16,조밥나물,jobapnamul,https://commons.wikimedia.org/wiki/File:Hieracium_umbellatum%E2%80%93IMG_5860.jpg,https://upload.wikimedia.org/wikipedia/commons/thumb/d/d8/Hieracium_umbellatum%E2%80%93IMG_5860.jpg/1280px-Hieracium_umbellatum%E2%80%93IMG_5860.jpg,Kızıl,CC BY-SA 4.0,2794,Hieracium umbellatum 종 일치 — CSV 학명 Hieracium(조밥나물속)의 대표종. CSV editorial_note가 지적한 국명 혼선은 그대로 남음,가늘게 선 줄기 끝에서 노란 혀꽃이 사방으로 퍼져요.
5,18,옥슬립 앵초,okseulrip-aengcho,https://commons.wikimedia.org/wiki/File:02022_0057_Primula_elatior.jpg,https://upload.wikimedia.org/wikipedia/commons/thumb/b/b7/02022_0057_Primula_elatior.jpg/1280px-02022_0057_Primula_elatior.jpg,Silar,CC BY-SA 4.0,2622,Primula elatior 종 일치 — 영문명 Oxlip의 정명,"카우슬립보다 꽃이 크고, 한쪽만 바라보며 몰려 피어요."
5,19,아리스타타,,,,,,,미확보 — Aristata는 종소명일 뿐이고 원 표가 갈린다(순천만=아이리스 / 로얄플라워=아리스타타). 식물 특정 불가,
5,20,괭이밥,gwaengibap,https://commons.wikimedia.org/wiki/File:Oxalis_corniculata_-_blossom_top_%28aka%29.jpg,https://upload.wikimedia.org/wikipedia/commons/thumb/2/25/Oxalis_corniculata_-_blossom_top_%28aka%29.jpg/1280px-Oxalis_corniculata_-_blossom_top_%28aka%29.jpg,André Karwath aka Aka,CC BY-SA 2.5,1632,Oxalis corniculata 종 일치 — 국명 괭이밥의 정명. 서양 wood sorrel(O. acetosella)과는 다른 종. 정면 접사,하트 세 장이 모인 잎 사이에서 노란 별 같은 꽃이 올라와요.
5,22,귀고리꽃,gwigorikkot,https://commons.wikimedia.org/wiki/File:Fuchsia_magellanica_%27Pumile%27%2C_Jard%C3%ADn_Bot%C3%A1nico_de_M%C3%BAnich%2C_Alemania%2C_2013-05-04%2C_DD_01.jpg,https://upload.wikimedia.org/wikipedia/commons/thumb/6/67/Fuchsia_magellanica_%27Pumile%27%2C_Jard%C3%ADn_Bot%C3%A1nico_de_M%C3%BAnich%2C_Alemania%2C_2013-05-04%2C_DD_01.jpg/1280px-Fuchsia_magellanica_%27Pumile%27%2C_Jard%C3%ADn_Bot%C3%A1nico_de_M%C3%BAnich%2C_Alemania%2C_2013-05-04%2C_DD_01.jpg,Diego Delso,CC BY-SA 3.0,2543,Fuchsia magellanica 'Pumile' 종 일치 — 영문명 Ear Drops(lady's eardrops)가 가리키는 종,붉은 꽃받침 아래로 자줏빛 치마가 매달려 귀고리처럼 흔들려요.
5,23,풀의 싹,pului-ssak,https://commons.wikimedia.org/wiki/File:Boxelder%2C_twig_upper_marlboro_2015-04-10-20.29.25_ZS_PMax_%2816916113178%29.jpg,https://upload.wikimedia.org/wikipedia/commons/thumb/b/b8/Boxelder%2C_twig_upper_marlboro_2015-04-10-20.29.25_ZS_PMax_%2816916113178%29.jpg/1280px-Boxelder%2C_twig_upper_marlboro_2015-04-10-20.29.25_ZS_PMax_%2816916113178%29.jpg,"USGS Bee Inventory and Monitoring Lab from Beltsville, Maryland, USA",Public domain,4325,"종 특정 항목 아님 — '풀의 싹/Leaf Buds'는 특정 식물이 아니라 새눈 자체. 대표 이미지로 Acer negundo 눈 접사(USGS 촬영, PD) 사용","잎이 되기 직전, 아직 접혀 있는 상태를 그대로 보여줘요."
5,24,헬리오토로프,helriotoropeu,https://commons.wikimedia.org/wiki/File:Close-up_of_heliotrope_flower_%28Heliotropium_arborescens%29%2C_Jardim_da_Funda%C3%A7%C3%A3o_Calouste_Gulbenkian%2C_Lisbon%2C_Portugal_julesvernex2.jpg,https://upload.wikimedia.org/wikipedia/commons/thumb/c/c9/Close-up_of_heliotrope_flower_%28Heliotropium_arborescens%29%2C_Jardim_da_Funda%C3%A7%C3%A3o_Calouste_Gulbenkian%2C_Lisbon%2C_Portugal_julesvernex2.jpg/1280px-Close-up_of_heliotrope_flower_%28Heliotropium_arborescens%29%2C_Jardim_da_Funda%C3%A7%C3%A3o_Calouste_Gulbenkian%2C_Lisbon%2C_Portugal_julesvernex2.jpg,Jules Verne Times Two,CC BY-SA 4.0,5148,Heliotropium arborescens 종 일치 — 파일 제목에 학명 명시. 검은 배경 접사,"작은 보랏빛 꽃이 뭉쳐 피고, 바닐라를 닮은 향이 나요."
5,26,올리브나무,olribeunamu,https://commons.wikimedia.org/wiki/File:Olea_europaea_FlowersCloseup_SolanadelPino.jpg,https://upload.wikimedia.org/wikipedia/commons/thumb/6/69/Olea_europaea_FlowersCloseup_SolanadelPino.jpg/1280px-Olea_europaea_FlowersCloseup_SolanadelPino.jpg,Javier martin,Public domain,2976,Olea europaea 종 일치 — 열매가 아니라 꽃차례 접사. PD,열매로만 알던 나무가 여름 앞에서 아주 작은 흰 꽃을 무더기로 달아요.
5,28,박하,bakha-0528,https://commons.wikimedia.org/wiki/File:Mentha_arvensis_2_%285097344051%29.jpg,https://upload.wikimedia.org/wikipedia/commons/thumb/1/12/Mentha_arvensis_2_%285097344051%29.jpg/1280px-Mentha_arvensis_2_%285097344051%29.jpg,Superior National Forest,CC BY 2.0,1600,Mentha arvensis 종 일치 — 국명 박하의 기준종(재배형은 var. piperascens),잎겨드랑이마다 연보랏빛 꽃이 둥글게 뭉쳐 층층이 올라가요.
5,29,토끼풀,tokkipul,https://commons.wikimedia.org/wiki/File:Trifolium_repens_flower_April_2_2010.jpg,https://upload.wikimedia.org/wikipedia/commons/thumb/c/c7/Trifolium_repens_flower_April_2_2010.jpg/1280px-Trifolium_repens_flower_April_2_2010.jpg,Supportstorm,Public domain,2414,Trifolium repens 종 일치 — 국명 토끼풀의 정명. PD. 5/29·6/17·8/31 동일 컷,작은 나비 모양 꽃 수십 개가 모여 하나의 공처럼 보여요.
5,30,보랏빛 라일락,boratbit-railrak,https://commons.wikimedia.org/wiki/File:Syringa_%27Gastello%27_03.JPG,https://upload.wikimedia.org/wikipedia/commons/thumb/f/f3/Syringa_%27Gastello%27_03.JPG/1280px-Syringa_%27Gastello%27_03.JPG,Kor!An (Андрей Корзун),CC BY-SA 3.0,2112,Syringa vulgaris 'Gastello' 종 일치 — 짙은 보라 품종. 5/12 라일락과 다른 컷,같은 라일락이라도 보랏빛이 짙어질수록 꽃송이가 더 무거워 보여요.
5,31,무릇,mureut,https://commons.wikimedia.org/wiki/File:Barnardia_japonica-IMG_9388.jpg,https://upload.wikimedia.org/wikipedia/commons/thumb/1/12/Barnardia_japonica-IMG_9388.jpg/1280px-Barnardia_japonica-IMG_9388.jpg,C T Johansson,CC BY 3.0,3539,Barnardia japonica 종 일치 — 국명 무릇의 현행 정명. CSV 학명 Scilla scilloides와 이명 관계,늦여름에 분홍 꽃이 아래에서 위로 차례차례 올라가며 피어요.
6,2,빨강 매발톱꽃,ppalgang-maebaltopkkot,https://commons.wikimedia.org/wiki/File:Eastern_Red_Columbine_Aquilegia_canadensis_%2824439345658%29.jpg,https://upload.wikimedia.org/wikipedia/commons/thumb/6/63/Eastern_Red_Columbine_Aquilegia_canadensis_%2824439345658%29.jpg/1280px-Eastern_Red_Columbine_Aquilegia_canadensis_%2824439345658%29.jpg,"gailhampshire from Cradley, Malvern, U.K",CC BY 2.0,3075,Aquilegia canadensis 종 일치 — 붉은 매발톱의 대표종,"붉은 꽃이 고개를 숙이고, 노란 속만 아래로 내밀어요."
6,3,아마,ama,https://commons.wikimedia.org/wiki/File:Linum_usitatissimum_qtl1.jpg,https://upload.wikimedia.org/wikipedia/commons/thumb/3/3d/Linum_usitatissimum_qtl1.jpg/1280px-Linum_usitatissimum_qtl1.jpg,Quartl,CC BY-SA 3.0,2692,Linum usitatissimum 종 일치 — 국명 아마의 정명,하늘색에 가까운 꽃이 아침에 열렸다가 한나절이면 져요.
6,7,슈미트티아나,,,,,,,미확보 — Schmidtiana는 종소명일 뿐. Artemisia schmidtiana 추정이 유력하나 원 표에 속명이 없어 확정 불가,
6,10,수염패랭이꽃,suyeompaeraengikkot,https://commons.wikimedia.org/wiki/File:P%C3%B6rtschach_Winklern_10.-Oktober-Stra%C3%9Fe_67_Bartnelke_21062024_1161.jpg,https://upload.wikimedia.org/wikipedia/commons/thumb/e/eb/P%C3%B6rtschach_Winklern_10.-Oktober-Stra%C3%9Fe_67_Bartnelke_21062024_1161.jpg/1280px-P%C3%B6rtschach_Winklern_10.-Oktober-Stra%C3%9Fe_67_Bartnelke_21062024_1161.jpg,Johann Jaritz,CC BY-SA 4.0,4928,Dianthus barbatus 종 일치 — 파일명의 독일어 Bartnelke가 이 종의 통칭,짧은 꽃대 위로 작은 패랭이꽃이 빽빽하게 모여 한 다발이 돼요.
6,11,중국패모,junggukpaemo,https://commons.wikimedia.org/wiki/File:Fritillaria_verticillata_var._thunbergii.jpg,https://upload.wikimedia.org/wikipedia/commons/thumb/c/c0/Fritillaria_verticillata_var._thunbergii.jpg/1280px-Fritillaria_verticillata_var._thunbergii.jpg,titanium22,CC BY-SA 2.0,3872,Fritillaria verticillata var. thunbergii = F. thunbergii — CSV 학명과 이명 관계로 종 일치,"연둣빛 종이 아래를 보고 달리고, 안쪽에는 그물 무늬가 있어요."
6,12,레제다 오도라타,rejeda-odorata,https://commons.wikimedia.org/wiki/File:Reseda_odorata_2019-06-18_2335.jpg,https://upload.wikimedia.org/wikipedia/commons/thumb/1/17/Reseda_odorata_2019-06-18_2335.jpg/1280px-Reseda_odorata_2019-06-18_2335.jpg,Salicyna,CC BY-SA 4.0,3000,Reseda odorata 종 일치 — CSV 학명과 동일,빛깔은 수수한데 향이 진해서 오래 향수 원료로 쓰였어요.
6,13,디기탈리스,digitalriseu,https://commons.wikimedia.org/wiki/File:Purple_Foxglove_%28Digitalis_purpurea%29_2008_02.jpg,https://upload.wikimedia.org/wikipedia/commons/thumb/3/3c/Purple_Foxglove_%28Digitalis_purpurea%29_2008_02.jpg/1280px-Purple_Foxglove_%28Digitalis_purpurea%29_2008_02.jpg,Godot13,CC BY-SA 4.0,2670,Digitalis purpurea 종 일치 — 파일명에 학명 명시,"종 모양 꽃이 한쪽으로만 줄지어 달리고, 안쪽에 점무늬가 박혀 있어요."
6,14,뚜껑별꽃,ttukkeongbyeolkkot,https://commons.wikimedia.org/wiki/File:Anagallis_arvensis_%28habitus%29.jpg,https://upload.wikimedia.org/wikipedia/commons/thumb/2/29/Anagallis_arvensis_%28habitus%29.jpg/1280px-Anagallis_arvensis_%28habitus%29.jpg,Hans Hillewaert,CC BY-SA 3.0,3792,Anagallis arvensis(현행 Lysimachia arvensis) 종 일치 — 국명 뚜껑별꽃이 가리키는 청색형. 접사가 아니라 군락 컷이라 카드용으로는 크롭 필요,파란 별 같은 꽃이 흐린 날에는 아예 문을 닫아버려요.
6,16,튜베로즈,tyuberojeu,https://commons.wikimedia.org/wiki/File:Polianthes_tuberosa%2C_Burdwan%2C_West_Bengal%2C_India_31_01_2013.jpg,https://upload.wikimedia.org/wikipedia/commons/thumb/4/48/Polianthes_tuberosa%2C_Burdwan%2C_West_Bengal%2C_India_31_01_2013.jpg/1280px-Polianthes_tuberosa%2C_Burdwan%2C_West_Bengal%2C_India_31_01_2013.jpg,JDP90 (Joydeep),CC BY-SA 3.0,2408,Polianthes tuberosa(현행 Agave amica) 종 일치 — 국명 튜베 로즈의 정명,해가 지고 나서야 향이 짙어지는 흰 꽃이에요.
6,17,토끼풀,tokkipul,https://commons.wikimedia.org/wiki/File:Trifolium_repens_flower_April_2_2010.jpg,https://upload.wikimedia.org/wikipedia/commons/thumb/c/c7/Trifolium_repens_flower_April_2_2010.jpg/1280px-Trifolium_repens_flower_April_2_2010.jpg,Supportstorm,Public domain,2414,Trifolium repens 종 일치 — 국명 토끼풀의 정명. PD. 5/29·6/17·8/31 동일 컷,작은 나비 모양 꽃 수십 개가 모여 하나의 공처럼 보여요.
6,18,백리향,baekrihyang,https://commons.wikimedia.org/wiki/File:Thymus_quinquecostatus_%28flower%29.JPG,https://upload.wikimedia.org/wikipedia/commons/thumb/4/4a/Thymus_quinquecostatus_%28flower%29.JPG/1280px-Thymus_quinquecostatus_%28flower%29.JPG,Alpsdake,CC BY-SA 4.0,2048,Thymus quinquecostatus 종 일치 — 국명 백리향의 정명. 영문명 Thyme의 T. vulgaris와는 다른 종,"바위 위를 낮게 덮고, 스치기만 해도 향이 올라와요."
6,20,꼬리풀,kkoripul,https://commons.wikimedia.org/wiki/File:Veronica_linariifolia_91987120.jpg,https://upload.wikimedia.org/wikipedia/commons/thumb/5/50/Veronica_linariifolia_91987120.jpg/1280px-Veronica_linariifolia_91987120.jpg,Oleg Kosterin,CC BY 4.0,1374,Veronica linariifolia 종 일치 — 국명 꼬리풀의 정명. Commons 내 이 종 사진이 2장뿐이라 선택지가 좁았음,가는 잎 위로 연보랏빛 꽃이 꼬리처럼 길게 서요.
6,21,달맞이꽃,dalmatikkot,https://commons.wikimedia.org/wiki/File:Oenothera_biennis%2C_Vic-la-Gardiole_01.jpg,https://upload.wikimedia.org/wikipedia/commons/thumb/4/40/Oenothera_biennis%2C_Vic-la-Gardiole_01.jpg/1280px-Oenothera_biennis%2C_Vic-la-Gardiole_01.jpg,Christian Ferrer,CC BY-SA 4.0,6016,Oenothera biennis 종 일치 — 국명 달맞이꽃의 정명,"해가 넘어가야 꽃잎을 열고, 아침이면 시들어요."
6,22,가막살나무,gamaksalnamu-0622,https://commons.wikimedia.org/wiki/File:Erie_Linden_Viburnum_Viburnum_dilatatum_%E2%80%98Erie%E2%80%99_leaves_summer_flower.jpg,https://upload.wikimedia.org/wikipedia/commons/thumb/7/7c/Erie_Linden_Viburnum_Viburnum_dilatatum_%E2%80%98Erie%E2%80%99_leaves_summer_flower.jpg/1280px-Erie_Linden_Viburnum_Viburnum_dilatatum_%E2%80%98Erie%E2%80%99_leaves_summer_flower.jpg,Cossey25,CC BY-SA 4.0,3024,Viburnum dilatatum 'Erie' 종 일치 — 국명 가막살나무의 정명,"흰 꽃이 접시처럼 평평하게 모여 피고, 가을엔 붉은 열매만 남아요."
6,23,접시꽃,jeopsikkot,https://commons.wikimedia.org/wiki/File:Alcea_rosea_purple.jpg,https://upload.wikimedia.org/wikipedia/commons/thumb/7/74/Alcea_rosea_purple.jpg/1280px-Alcea_rosea_purple.jpg,PJDespa,CC BY-SA 3.0,4288,Alcea rosea 종 일치 — 국명 접시꽃의 정명. 6/23·8/18 동일 컷,곧게 선 줄기를 따라 접시만 한 꽃이 아래에서 위로 올라가며 펴요.
6,24,버베나,beobena,https://commons.wikimedia.org/wiki/File:Verbena_hybrida_2.JPG,https://upload.wikimedia.org/wikipedia/commons/thumb/8/84/Verbena_hybrida_2.JPG/1280px-Verbena_hybrida_2.JPG,Jwitos,CC BY-SA 3.0,3008,Verbena hybrida 종 일치 — CSV 영문명 Garden Verbena와 대응하는 원예 버베나,"작은 꽃이 둥글게 모여 한 송이처럼 보이고, 색이 아주 진해요."
6,25,나팔꽃,napalkkot,https://commons.wikimedia.org/wiki/File:Ipomoea_nil_Gorlitsa20230530_20214.jpg,https://upload.wikimedia.org/wikipedia/commons/thumb/7/72/Ipomoea_nil_Gorlitsa20230530_20214.jpg/1280px-Ipomoea_nil_Gorlitsa20230530_20214.jpg,Bff,CC BY-SA 4.0,4950,Ipomoea nil 종 일치 — 국명 나팔꽃의 정명,새벽에 나팔을 열고 한낮이면 다시 오므려요.
6,26,흰 라일락,huin-railrak,https://commons.wikimedia.org/wiki/File:%D0%9F%D1%80%D0%B8%D0%BC%D0%BE%D1%80%D1%81%D0%BA%D0%B8%D0%B9_%D0%BF%D0%B0%D1%80%D0%BA_%D0%9F%D0%BE%D0%B1%D0%B5%D0%B4%D1%8B%2C_%D1%81%D0%B8%D1%80%D0%B5%D0%BD%D1%8C_04.jpg,https://upload.wikimedia.org/wikipedia/commons/thumb/e/e8/%D0%9F%D1%80%D0%B8%D0%BC%D0%BE%D1%80%D1%81%D0%BA%D0%B8%D0%B9_%D0%BF%D0%B0%D1%80%D0%BA_%D0%9F%D0%BE%D0%B1%D0%B5%D0%B4%D1%8B%2C_%D1%81%D0%B8%D1%80%D0%B5%D0%BD%D1%8C_04.jpg/1280px-%D0%9F%D1%80%D0%B8%D0%BC%D0%BE%D1%80%D1%81%D0%BA%D0%B8%D0%B9_%D0%BF%D0%B0%D1%80%D0%BA_%D0%9F%D0%BE%D0%B1%D0%B5%D0%B4%D1%8B%2C_%D1%81%D0%B8%D1%80%D0%B5%D0%BD%D1%8C_04.jpg,Екатерина Борисова,CC BY-SA 4.0,4896,Syringa 속 흰 라일락 — 파일 제목이 러시아어 'сирень(라일락)'이라 종소명 미표기. 재배 흰 라일락은 통상 S. vulgaris 품종,흰 라일락은 색이 없는 대신 향이 더 크게 느껴져요.
6,27,시계꽃,sigyekkot,https://commons.wikimedia.org/wiki/File:Passiflora_caerulea_%28makro_close-up%29.jpg,https://upload.wikimedia.org/wikipedia/commons/thumb/3/30/Passiflora_caerulea_%28makro_close-up%29.jpg/1280px-Passiflora_caerulea_%28makro_close-up%29.jpg,Petar Milošević,CC BY-SA 4.0,4565,Passiflora caerulea 종 일치 — 파일명에 makro close-up 명시,실 같은 부화관이 시계 눈금처럼 둘러서서 시계꽃이라 불려요.
6,30,인동,indong,https://commons.wikimedia.org/wiki/File:Lonicera_japonica_%27hall%27s_prolific%27._14-06-2020_%28d.j.b.%29_01.jpg,https://upload.wikimedia.org/wikipedia/commons/thumb/a/a4/Lonicera_japonica_%27hall%27s_prolific%27._14-06-2020_%28d.j.b.%29_01.jpg/1280px-Lonicera_japonica_%27hall%27s_prolific%27._14-06-2020_%28d.j.b.%29_01.jpg,Dominicus Johannes Bergsma,CC BY-SA 4.0,3456,Lonicera japonica 'Hall's Prolific' 종 일치 — 국명 인동의 정명,"흰 꽃으로 피었다가 며칠 뒤 노랗게 변해, 두 색이 한 가지에 걸려요."
7,1,단양쑥부쟁이,danyangssukbujaengi,https://commons.wikimedia.org/wiki/File:Aster_altaicus_kz03.jpg,https://upload.wikimedia.org/wikipedia/commons/thumb/1/13/Aster_altaicus_kz03.jpg/1280px-Aster_altaicus_kz03.jpg,"Krzysztof Ziarnek, Kenraiz",CC BY-SA 4.0,3495,Aster altaicus — 국명 단양쑥부쟁이(A. altaicus var. uchiyamae)의 기준종. 변종 자체 사진은 Commons에 없음. CSV 영문명 'Fig Marigold'(Mesembryanthemum)는 국명과 어긋나 국명 쪽을 따랐음,가늘고 긴 잎 위에 연보랏빛 국화꽃이 한 송이씩 앉아요.
7,2,금어초,geumeocho,https://commons.wikimedia.org/wiki/File:Antirrhinum_majus_%28423941477%29.jpg,https://upload.wikimedia.org/wikipedia/commons/thumb/a/af/Antirrhinum_majus_%28423941477%29.jpg/1280px-Antirrhinum_majus_%28423941477%29.jpg,"Dinesh Valke from Thane, India",CC BY-SA 2.0,2816,Antirrhinum majus 종 일치 — 국명 금어초의 정명,꽃 옆을 살짝 누르면 입처럼 벌어졌다가 다시 닫혀요.
7,3,흰색 양귀비,huinsaek-yanggwibi,https://commons.wikimedia.org/wiki/File:Heilbronn_-_B%C3%B6ckingen_-_Friedhof_-_wei%C3%9Fe_Mohnbl%C3%BCte_auf_Grab_%281.1%29.jpg,https://upload.wikimedia.org/wikipedia/commons/thumb/7/71/Heilbronn_-_B%C3%B6ckingen_-_Friedhof_-_wei%C3%9Fe_Mohnbl%C3%BCte_auf_Grab_%281.1%29.jpg/1280px-Heilbronn_-_B%C3%B6ckingen_-_Friedhof_-_wei%C3%9Fe_Mohnbl%C3%BCte_auf_Grab_%281.1%29.jpg,Roman Eisele,CC BY-SA 4.0,4200,"Papaver 속 일치 — CSV 학명도 속명 'Papaver'뿐. Commons 분류는 Papaver (cultivars), 업로더는 아이슬란드양귀비(P. nudicaule) 원예종으로 추정. 흰 꽃 조건은 충족",구겨진 종이 같은 흰 꽃잎이 펴지면서 주름을 그대로 남겨요.
7,7,서양까치밥나무,seoyangkkachibapnamu,https://commons.wikimedia.org/wiki/File:Ribes_uva-crispa_kz04.jpg,https://upload.wikimedia.org/wikipedia/commons/thumb/8/82/Ribes_uva-crispa_kz04.jpg/1280px-Ribes_uva-crispa_kz04.jpg,"Krzysztof Ziarnek, Kenraiz",CC BY-SA 4.0,3033,Ribes uva-crispa 종 일치 — 서양까치밥나무(구스베리)의 정명. CSV 표기 '서양까지밥나무'는 오탈자로 보임,가시 돋친 가지 아래로 초록빛 작은 꽃이 조용히 매달려요.
7,8,버드푸트,beodeuputeu,https://commons.wikimedia.org/wiki/File:Lotus_corniculatus_at_Lac_des_Plagnes_%282%29.jpg,https://upload.wikimedia.org/wikipedia/commons/thumb/a/ac/Lotus_corniculatus_at_Lac_des_Plagnes_%282%29.jpg/1280px-Lotus_corniculatus_at_Lac_des_Plagnes_%282%29.jpg,Krzysztof Golik,CC BY-SA 4.0,3837,Lotus corniculatus 종 일치 — 영문명 Birdfoot(bird's-foot trefoil)의 정명,꼬투리가 새 발가락처럼 갈라져서 그런 이름이 붙었어요.
7,10,초롱꽃,chorongkkot-0710,https://commons.wikimedia.org/wiki/File:Flower%2C_Campanula_medium_%22Canterbury_bells%22_-_Flickr_-_nekonomania_%282%29.jpg,https://upload.wikimedia.org/wikipedia/commons/thumb/a/a2/Flower%2C_Campanula_medium_%22Canterbury_bells%22_-_Flickr_-_nekonomania_%282%29.jpg/1280px-Flower%2C_Campanula_medium_%22Canterbury_bells%22_-_Flickr_-_nekonomania_%282%29.jpg,Yoko Nekonomania,CC BY 2.0,3168,Campanula medium 종 일치 — 영문명 Canterbury Bell의 정명. 국내에서 초롱꽃이라 부르는 C. punctata와는 다른 종,종처럼 부푼 꽃이 아래를 보고 매달려 흔들려요.
7,11,아스포델,aseupodel,https://commons.wikimedia.org/wiki/File:Asphodelus_albus_FlowersCloseup_2009March28_SierraMadrona.jpg,https://upload.wikimedia.org/wikipedia/commons/thumb/7/7d/Asphodelus_albus_FlowersCloseup_2009March28_SierraMadrona.jpg/1280px-Asphodelus_albus_FlowersCloseup_2009March28_SierraMadrona.jpg,Javier martin,Public domain,3200,Asphodelus albus 종 일치 — PD. 꽃차례 접사,마른 땅에서 흰 별 같은 꽃이 층층이 올라가요.
7,12,좁은잎배풍등,jopeunipbaepungdeung,https://commons.wikimedia.org/wiki/File:Solanum_japonense_3.JPG,https://upload.wikimedia.org/wikipedia/commons/thumb/a/a2/Solanum_japonense_3.JPG/1280px-Solanum_japonense_3.JPG,Qwert1234,CC BY-SA 4.0,3716,Solanum japonense 종 일치 — 국명 좁은잎배풍등의 정명. CSV 표기 '좁은입배풍동'은 오탈자로 보임,흰 별 모양 꽃이 지고 나면 작고 붉은 열매가 달려요.
7,13,잡초의 꽃,japchoui-kkot,https://commons.wikimedia.org/wiki/File:Phleum_pratense_macro_01.jpg,https://upload.wikimedia.org/wikipedia/commons/thumb/1/1c/Phleum_pratense_macro_01.jpg/1280px-Phleum_pratense_macro_01.jpg,Humoyun Mehridinov,CC BY-SA 4.0,2656,종 특정 항목 아님 — '잡초의 꽃/Flower of Grass'는 볏과 꽃 일반. 대표 이미지로 큰조아재비(Phleum pratense) 꽃차례 매크로 사용,"꽃잎이 없어 지나치기 쉬운데, 가까이 보면 수술이 촘촘히 걸려 있어요."
7,14,플록스,peulrokseu,https://commons.wikimedia.org/wiki/File:Phlox_paniculata_Tatjana20170812_9020.jpg,https://upload.wikimedia.org/wikipedia/commons/thumb/c/c3/Phlox_paniculata_Tatjana20170812_9020.jpg/1280px-Phlox_paniculata_Tatjana20170812_9020.jpg,Bff,CC BY-SA 4.0,3800,Phlox paniculata 종 일치 — 국명 플록스의 정명,다섯 잎 꽃이 둥글게 뭉쳐 한여름 내내 같은 자리를 지켜요.
7,19,백부자,baekbuja,https://commons.wikimedia.org/wiki/File:Aconitum_napellus_RHu_003.JPG,https://upload.wikimedia.org/wikipedia/commons/thumb/9/94/Aconitum_napellus_RHu_003.JPG/1280px-Aconitum_napellus_RHu_003.JPG,Meneerke bloem,CC BY-SA 4.0,3216,"Aconitum napellus — 속 일치. CSV 영문명 Aconite의 대표종이지만 국명 백부자(A. coreanum, 연노랑 꽃)와는 다른 종이며 Commons에 A. coreanum 사진 없음","투구 모양 꽃이 줄지어 서고, 아름다운 만큼 독이 강해요."
7,20,가지,gaji,https://commons.wikimedia.org/wiki/File:Solanum_melongena_flower_12_09_2012.JPG,https://upload.wikimedia.org/wikipedia/commons/thumb/a/ac/Solanum_melongena_flower_12_09_2012.JPG/1280px-Solanum_melongena_flower_12_09_2012.JPG,JDP90 (Joydeep),CC BY-SA 3.0,3457,Solanum melongena 종 일치 — 열매가 아니라 꽃 접사,보랏빛 별 모양 꽃 한가운데 노란 수술이 뭉쳐 있어요.
7,22,패랭이꽃,paeraengikkot,https://commons.wikimedia.org/wiki/File:Dianthus_superbus_var._speciosus_%28flower%29.JPG,https://upload.wikimedia.org/wikipedia/commons/thumb/d/de/Dianthus_superbus_var._speciosus_%28flower%29.JPG/1280px-Dianthus_superbus_var._speciosus_%28flower%29.JPG,Alpsdake,CC BY-SA 4.0,2560,Dianthus superbus var. speciosus 종 일치 — CSV 7/28행 학명 Dianthus superbus와 같은 종이라 7/22·7/28 동일 컷,꽃잎 끝이 실처럼 잘게 갈라져 술이 늘어진 것처럼 보여요.
7,24,연령초,yeonryeongcho,https://commons.wikimedia.org/wiki/File:Trillium_camschatcense_%27Aomori%27_Ker_Gawl.%2C_Bot._Mag._22_t._855_%281805%29_%2849809064156%29.jpg,https://upload.wikimedia.org/wikipedia/commons/thumb/0/0d/Trillium_camschatcense_%27Aomori%27_Ker_Gawl.%2C_Bot._Mag._22_t._855_%281805%29_%2849809064156%29.jpg/1280px-Trillium_camschatcense_%27Aomori%27_Ker_Gawl.%2C_Bot._Mag._22_t._855_%281805%29_%2849809064156%29.jpg,"sunoochi from Sapporo, Hokkaido, Japan",CC BY 2.0,8032,Trillium camschatcense 종 일치 — 국명 연령초의 정명,잎 석 장 위에 흰 꽃 한 송이만 올려놓고 끝내요.
7,25,말오줌나무,malojumnamu,https://commons.wikimedia.org/wiki/File:00_3775_Schwarzer_Hollunder_%28Sambucus_nigra%29.jpg,https://upload.wikimedia.org/wikipedia/commons/thumb/3/3a/00_3775_Schwarzer_Hollunder_%28Sambucus_nigra%29.jpg/1280px-00_3775_Schwarzer_Hollunder_%28Sambucus_nigra%29.jpg,W. Bulach,CC BY-SA 4.0,5400,"Sambucus nigra — 속 일치. CSV 영문명 Elder-Tree의 정명이지만 국명 말오줌나무(S. racemosa subsp. pendula, 울릉도 특산)와는 다른 종. S. racemosa 쪽은 개화 컷이 1200px 미만뿐","작은 흰 꽃 수백 개가 접시처럼 펼쳐지고, 향이 달아요."
7,26,향쑥,hyangssuk,https://commons.wikimedia.org/wiki/File:Artemisia_absinthium_in_Aveyron_%285%29.jpg,https://upload.wikimedia.org/wikipedia/commons/thumb/4/4a/Artemisia_absinthium_in_Aveyron_%285%29.jpg/1280px-Artemisia_absinthium_in_Aveyron_%285%29.jpg,Tournasol7,CC BY 4.0,2086,Artemisia absinthium 종 일치 — 국명 향쑥의 정명. 꽃차례 접사,"은빛이 도는 잎에서 쓴 향이 나고, 압생트의 재료로 알려졌어요."
7,28,패랭이꽃,paeraengikkot,https://commons.wikimedia.org/wiki/File:Dianthus_superbus_var._speciosus_%28flower%29.JPG,https://upload.wikimedia.org/wikipedia/commons/thumb/d/de/Dianthus_superbus_var._speciosus_%28flower%29.JPG/1280px-Dianthus_superbus_var._speciosus_%28flower%29.JPG,Alpsdake,CC BY-SA 4.0,2560,Dianthus superbus var. speciosus 종 일치 — CSV 7/28행 학명 Dianthus superbus와 같은 종이라 7/22·7/28 동일 컷,꽃잎 끝이 실처럼 잘게 갈라져 술이 늘어진 것처럼 보여요.
7,29,선인장,seoninjang,https://commons.wikimedia.org/wiki/File:20200812_EchinopsisOxygona_DSC03453K1_PtrQs.jpg,https://upload.wikimedia.org/wikipedia/commons/thumb/8/8c/20200812_EchinopsisOxygona_DSC03453K1_PtrQs.jpg/1280px-20200812_EchinopsisOxygona_DSC03453K1_PtrQs.jpg,PtrQs,CC BY-SA 4.0,2671,Echinopsis oxygona — 종 명시. CSV의 '선인장/Cactus'는 분류 단위가 넓어 대표 개화 컷으로 배정. 검은 배경,가시밖에 없던 몸에서 하룻밤 사이 큰 꽃이 열려요.
7,30,서양종 보리수,seoyangjong-borisu,https://commons.wikimedia.org/wiki/File:Tilia_cordata_flowers_002.jpg,https://upload.wikimedia.org/wikipedia/commons/thumb/a/ab/Tilia_cordata_flowers_002.jpg/1280px-Tilia_cordata_flowers_002.jpg,Meneerke bloem,CC BY-SA 3.0,4288,"Tilia cordata 종 일치 — CSV '서양종 보리수(Lime Tree, Linden)'의 대표종. 7/30·8/23 동일 컷",잎처럼 생긴 포 아래로 연노란 꽃이 매달려 향을 퍼뜨려요.
7,31,호박,hobak,https://commons.wikimedia.org/wiki/File:Cucurbita_moschata_-_flower.jpg,https://upload.wikimedia.org/wikipedia/commons/thumb/d/da/Cucurbita_moschata_-_flower.jpg/1280px-Cucurbita_moschata_-_flower.jpg,bastus917 (영철 이),CC BY-SA 2.0,3888,Cucurbita moschata 종 일치 — 국내 호박의 기준종. 꽃 접사,손바닥만 한 노란 꽃이 아침에 활짝 열려요.
8,3,수박풀,subakpul,https://commons.wikimedia.org/wiki/File:Hibiscus_trionum_kz01.jpg,https://upload.wikimedia.org/wikipedia/commons/thumb/a/a6/Hibiscus_trionum_kz01.jpg/1280px-Hibiscus_trionum_kz01.jpg,"Krzysztof Ziarnek, Kenraiz",CC BY-SA 4.0,2466,"Hibiscus trionum 종 일치 — 국명 수박풀, 영문명 Flower of an Hour의 정명","한 시간이면 진다는 이름처럼, 아침에 열고 낮이면 접어요."
8,4,옥수수,oksusu,https://commons.wikimedia.org/wiki/File:Starr-090801-3516-Zea_mays-female_flowers-Olinda-Maui_%2824970907975%29.jpg,https://upload.wikimedia.org/wikipedia/commons/thumb/f/f0/Starr-090801-3516-Zea_mays-female_flowers-Olinda-Maui_%2824970907975%29.jpg/1280px-Starr-090801-3516-Zea_mays-female_flowers-Olinda-Maui_%2824970907975%29.jpg,Forest and Kim Starr,CC BY 3.0 us,2736,Zea mays 종 일치 — 암꽃(수염) 접사. 옥수수는 암꽃과 수꽃이 따로 달림,수염 한 올이 알 한 톨과 이어져 있어요.
8,5,엘리카,elrika,https://commons.wikimedia.org/wiki/File:Erica_carnea_IP0803009.jpg,https://upload.wikimedia.org/wikipedia/commons/thumb/2/21/Erica_carnea_IP0803009.jpg/1280px-Erica_carnea_IP0803009.jpg,Leo Michels,CC0,2193,Erica carnea 종 일치 — CSV '엘리카/Heath'가 가리키는 Erica 속의 대표 재배종. CC0,잔가지에 작은 항아리 모양 꽃이 줄줄이 매달려요.
8,6,능소화,neungsohwa,https://commons.wikimedia.org/wiki/File:Campsis_grandiflora_06.JPG,https://upload.wikimedia.org/wikipedia/commons/thumb/5/5c/Campsis_grandiflora_06.JPG/1280px-Campsis_grandiflora_06.JPG,Prenn,CC BY-SA 3.0,2592,Campsis grandiflora 종 일치 — 국명 능소화의 정명. 배경에 담장·벽돌이 들어와 크롭 필요(더 좋은 구도의 Korea.net 컷은 워터마크가 박혀 있어 제외),담을 타고 올라가 주황빛 나팔을 바깥으로 내밀어요.
8,7,석류,seokryu-0807,https://commons.wikimedia.org/wiki/File:Punica_June_2009-1.jpg,https://upload.wikimedia.org/wikipedia/commons/thumb/1/1c/Punica_June_2009-1.jpg/1280px-Punica_June_2009-1.jpg,Alvesgaspar ( talk ),CC BY-SA 3.0,2999,Punica 속 일치 — 파일명은 속명까지만. 재배 석류는 사실상 P. granatum 단일종이라 종 불일치 위험은 낮음,"붉은 꽃받침이 두껍고 단단해서, 꽃일 때부터 열매를 닮았어요."
8,8,진달래,jindalrae,https://commons.wikimedia.org/wiki/File:Rhododendron_mucronulatum_pink_peignoir_%2870036%29.jpg,https://upload.wikimedia.org/wikipedia/commons/thumb/2/28/Rhododendron_mucronulatum_pink_peignoir_%2870036%29.jpg/1280px-Rhododendron_mucronulatum_pink_peignoir_%2870036%29.jpg,Rhododendrites,CC BY-SA 4.0,4018,Rhododendron mucronulatum 'Pink Peignoir' 종 일치 — 국명 진달래의 정명,잎보다 꽃이 먼저 나와서 가지 전체가 분홍으로 덮여요.
8,9,시스터스,siseuteoseu,https://commons.wikimedia.org/wiki/File:Cistus_May_2014-10.jpg,https://upload.wikimedia.org/wikipedia/commons/thumb/3/34/Cistus_May_2014-10.jpg/1280px-Cistus_May_2014-10.jpg,Alvesgaspar,CC BY-SA 3.0,4448,Cistus 속 일치 — CSV 학명도 속명 'Cistus'뿐이고 파일명도 속명까지만 명시,"종이처럼 얇은 꽃잎이 하루 만에 지고, 다음 날 새 꽃이 다시 펴요."
8,10,이끼,ikki-0810,https://commons.wikimedia.org/wiki/File:Polytrichum_commune_in_natural_monument_Knez_u_Hrazan_%281%29.JPG,https://upload.wikimedia.org/wikipedia/commons/thumb/9/95/Polytrichum_commune_in_natural_monument_Knez_u_Hrazan_%281%29.JPG/1280px-Polytrichum_commune_in_natural_monument_Knez_u_Hrazan_%281%29.JPG,Chmee2,CC BY-SA 3.0,4752,Polytrichum commune 종 일치 — CSV '이끼/Moss'는 분류 단위가 넓어 대표종(솔이끼류) 접사로 배정,숲 바닥에 별 모양으로 촘촘히 서서 물기를 오래 붙잡아요.
8,12,협죽도,hyeopjukdo,https://commons.wikimedia.org/wiki/File:Nerium_oleander_September_2007-1.jpg,https://upload.wikimedia.org/wikipedia/commons/thumb/6/63/Nerium_oleander_September_2007-1.jpg/1280px-Nerium_oleander_September_2007-1.jpg,Alvesgaspar,CC BY-SA 3.0,2877,Nerium oleander 종 일치 — 국명 협죽도의 정명,"잎도 가지도 독이 있어서, 예쁜 만큼 조심해야 해요."
8,13,골든 로드,goldeun-rodeu,https://commons.wikimedia.org/wiki/File:Solidago_virgaurea_ENBLA02.jpg,https://upload.wikimedia.org/wikipedia/commons/thumb/4/48/Solidago_virgaurea_ENBLA02.jpg/1280px-Solidago_virgaurea_ENBLA02.jpg,Enrico Blasutto,CC BY-SA 4.0,1942,Solidago virgaurea 종 일치 — 영문명 Golden Rod의 유럽 기준종,가을 들판에서 노란 꽃이 막대처럼 곧게 서요.
8,14,저먼더,jeomeondeo,https://commons.wikimedia.org/wiki/File:Teucrium_chamaedrys_Ligerz.jpg,https://upload.wikimedia.org/wikipedia/commons/thumb/e/e8/Teucrium_chamaedrys_Ligerz.jpg/1280px-Teucrium_chamaedrys_Ligerz.jpg,MurielBendel,CC BY-SA 4.0,3182,Teucrium chamaedrys 종 일치 — 영문명 Wall Germander의 정명. 8/14·8/30 동일 컷,돌담 틈에 뿌리내리고 분홍빛 입술 모양 꽃을 달아요.
8,16,타마린드,tamarindeu,https://commons.wikimedia.org/wiki/File:Tamarindus_indica_%28517656695%29.jpg,https://upload.wikimedia.org/wikipedia/commons/thumb/0/08/Tamarindus_indica_%28517656695%29.jpg/1280px-Tamarindus_indica_%28517656695%29.jpg,"Dinesh Valke from Thane, India",CC BY-SA 2.0,2816,Tamarindus indica 종 일치 — CSV 학명과 동일,연노랑 꽃이 지고 나면 신맛 나는 갈색 꼬투리가 열려요.
8,17,튤립나무,tyulripnamu,https://commons.wikimedia.org/wiki/File:2015_Kwiat_tulipanowca_ameryka%C5%84skiego.jpg,https://upload.wikimedia.org/wikipedia/commons/thumb/7/74/2015_Kwiat_tulipanowca_ameryka%C5%84skiego.jpg/1280px-2015_Kwiat_tulipanowca_ameryka%C5%84skiego.jpg,Jacek Halicki,CC BY-SA 4.0,4082,Liriodendron tulipifera 종 일치 — 파일명의 폴란드어 'tulipanowiec amerykański'가 이 종의 통칭,높은 가지 위에 튤립을 닮은 꽃이 초록빛으로 피어요.
8,18,접시꽃,jeopsikkot,https://commons.wikimedia.org/wiki/File:Alcea_rosea_purple.jpg,https://upload.wikimedia.org/wikipedia/commons/thumb/7/74/Alcea_rosea_purple.jpg/1280px-Alcea_rosea_purple.jpg,PJDespa,CC BY-SA 3.0,4288,Alcea rosea 종 일치 — 국명 접시꽃의 정명. 6/23·8/18 동일 컷,곧게 선 줄기를 따라 접시만 한 꽃이 아래에서 위로 올라가며 펴요.
8,19,로사 캠피온,rosa-kaempion,https://commons.wikimedia.org/wiki/File:Silene_coronaria_Valternigo_02.jpg,https://upload.wikimedia.org/wikipedia/commons/thumb/f/f8/Silene_coronaria_Valternigo_02.jpg/1280px-Silene_coronaria_Valternigo_02.jpg,Syrio,CC BY-SA 4.0,3506,"Silene coronaria 종 일치 — CSV 로사 캠피온(Rose Campion), 이명 Lychnis coronaria",은빛 솜털 잎 위로 진한 자홍색 꽃이 홀로 서요.
8,21,짚신나물,jipsinnamul,https://commons.wikimedia.org/wiki/File:Agrimonia_eupatoria_-_Keila.jpg,https://upload.wikimedia.org/wikipedia/commons/thumb/2/26/Agrimonia_eupatoria_-_Keila.jpg/1280px-Agrimonia_eupatoria_-_Keila.jpg,Ivar Leidus,CC BY-SA 4.0,3800,Agrimonia eupatoria — 속 일치. CSV 영문명 Agrimony의 정명이지만 국명 짚신나물(A. pilosa)과는 다른 종. Commons의 A. pilosa 사진은 개화 전 잎 컷뿐,"가는 꽃대에 노란 꽃이 촘촘히 붙고, 열매는 옷에 잘 달라붙어요."
8,22,스피리아,seupiria,https://commons.wikimedia.org/wiki/File:Spiraea_japonica_%28flower%29.JPG,https://upload.wikimedia.org/wikipedia/commons/thumb/d/d2/Spiraea_japonica_%28flower%29.JPG/1280px-Spiraea_japonica_%28flower%29.JPG,Alpsdake,CC BY-SA 4.0,3000,Spiraea japonica 종 일치 — CSV 학명 Spiraea의 대표 재배종,잔꽃이 우산처럼 모여 분홍 구름 한 덩이처럼 보여요.
8,23,서양종 보리수,seoyangjong-borisu,https://commons.wikimedia.org/wiki/File:Tilia_cordata_flowers_002.jpg,https://upload.wikimedia.org/wikipedia/commons/thumb/a/ab/Tilia_cordata_flowers_002.jpg/1280px-Tilia_cordata_flowers_002.jpg,Meneerke bloem,CC BY-SA 3.0,4288,"Tilia cordata 종 일치 — CSV '서양종 보리수(Lime Tree, Linden)'의 대표종. 7/30·8/23 동일 컷",잎처럼 생긴 포 아래로 연노란 꽃이 매달려 향을 퍼뜨려요.
8,25,안스륨,anseuryum,https://commons.wikimedia.org/wiki/File:Anturio_rojo_%28Anthurium_andraeanum%29_-_Flickr_-_Alejandro_Bayer_%281%29.jpg,https://upload.wikimedia.org/wikipedia/commons/thumb/9/94/Anturio_rojo_%28Anthurium_andraeanum%29_-_Flickr_-_Alejandro_Bayer_%281%29.jpg/1280px-Anturio_rojo_%28Anthurium_andraeanum%29_-_Flickr_-_Alejandro_Bayer_%281%29.jpg,"Alejandro Bayer Tamayo from Armenia, Colombia",CC BY-SA 2.0,4608,"Anthurium andraeanum 종 일치 — 국명 안스륨, 영문명 Flaming Flower의 정명",꽃잎처럼 보이는 붉은 판은 사실 잎이 변한 포예요.
8,26,하이포시스 오리어,haiposiseu-orieo,https://commons.wikimedia.org/wiki/File:Hypoxis_aurea_%283804595970%29.jpg,https://upload.wikimedia.org/wikipedia/commons/thumb/3/30/Hypoxis_aurea_%283804595970%29.jpg/1280px-Hypoxis_aurea_%283804595970%29.jpg,"Dinesh Valke from Thane, India",CC BY-SA 2.0,2048,Hypoxis aurea 종 일치 — CSV 학명과 동일,풀 사이에서 노란 별 하나가 땅에 바짝 붙어 피어요.
8,27,고비,gobi,https://commons.wikimedia.org/wiki/File:Osmunda_japonica_001.jpg,https://upload.wikimedia.org/wikipedia/commons/thumb/0/09/Osmunda_japonica_001.jpg/1280px-Osmunda_japonica_001.jpg,Kropsoq,CC BY-SA 3.0,1898,Osmunda japonica 종 일치 — 국명 고비의 정명. 양치식물이라 꽃이 없어 어린 순(권상엽) 접사,돌돌 말린 어린 순이 천천히 풀리면서 잎이 돼요.
8,28,에린지움,erinjium,https://commons.wikimedia.org/wiki/File:Eryngium_planum_kz21.jpg,https://upload.wikimedia.org/wikipedia/commons/thumb/8/83/Eryngium_planum_kz21.jpg/1280px-Eryngium_planum_kz21.jpg,"Krzysztof Ziarnek, Kenraiz",CC BY-SA 4.0,2011,Eryngium planum 종 일치 — CSV 학명 Eryngium의 대표종,"꽃도 잎도 금속처럼 푸르고, 만지면 뻣뻣해요."
8,29,꽃담배,kkotdambae,https://commons.wikimedia.org/wiki/File:Nicotiana_alata.jpg,https://upload.wikimedia.org/wikipedia/commons/thumb/9/99/Nicotiana_alata.jpg/1280px-Nicotiana_alata.jpg,"Swaminathan from Gurgaon, India",CC BY 2.0,3888,"Nicotiana alata 종 일치 — 국명 꽃담배, 영문명 Flowering Tobacco Plant의 정명",해질 무렵 흰 별 모양 꽃이 열리고 향이 퍼져요.
8,30,저먼더,jeomeondeo,https://commons.wikimedia.org/wiki/File:Teucrium_chamaedrys_Ligerz.jpg,https://upload.wikimedia.org/wikipedia/commons/thumb/e/e8/Teucrium_chamaedrys_Ligerz.jpg/1280px-Teucrium_chamaedrys_Ligerz.jpg,MurielBendel,CC BY-SA 4.0,3182,Teucrium chamaedrys 종 일치 — 영문명 Wall Germander의 정명. 8/14·8/30 동일 컷,돌담 틈에 뿌리내리고 분홍빛 입술 모양 꽃을 달아요.
8,31,토끼풀,tokkipul,https://commons.wikimedia.org/wiki/File:Trifolium_repens_flower_April_2_2010.jpg,https://upload.wikimedia.org/wikipedia/commons/thumb/c/c7/Trifolium_repens_flower_April_2_2010.jpg/1280px-Trifolium_repens_flower_April_2_2010.jpg,Supportstorm,Public domain,2414,Trifolium repens 종 일치 — 국명 토끼풀의 정명. PD. 5/29·6/17·8/31 동일 컷,작은 나비 모양 꽃 수십 개가 모여 하나의 공처럼 보여요.
9,1,호랑이꽃,horangikkot,https://commons.wikimedia.org/wiki/File:Tigridia_pavonia_flower.jpg,https://upload.wikimedia.org/wikipedia/commons/thumb/2/28/Tigridia_pavonia_flower.jpg/1280px-Tigridia_pavonia_flower.jpg,Citron,CC BY-SA 3.0,3000,"영문명 Tiger Flower에 대응하는 Tigridia pavonia. 파일 제목과 Commons 분류 모두 학명 일치, 꽃 정면 근접컷.",하루만 피고 지는 꽃이에요. 아침에 열려 저녁이면 시드는데 그 하루를 위해 호랑이 무늬 같은 얼룩을 꽃 안쪽에 새겨 두었어요.
9,2,멕시칸 아이비,meksikan-aibi,https://commons.wikimedia.org/wiki/File:Cobaea_scandens_4529.jpg,https://upload.wikimedia.org/wikipedia/commons/thumb/1/14/Cobaea_scandens_4529.jpg/1280px-Cobaea_scandens_4529.jpg,Amada44,CC BY-SA 3.0,4928,"CSV 학명 Cobaea의 대표종 Cobaea scandens. 파일 제목 학명 일치, 꽃 단독 근접컷.",종처럼 매달린 꽃이 처음엔 연둣빛이었다가 며칠에 걸쳐 보랏빛으로 짙어져요. 한 덩굴에서 두 가지 색을 같이 보게 되는 이유예요.
9,3,마거리트,mageoriteu,https://commons.wikimedia.org/wiki/File:00_4351_Strauchmargerite_(Argyranthemum_frutescens).jpg,https://upload.wikimedia.org/wikipedia/commons/thumb/7/7e/00_4351_Strauchmargerite_%28Argyranthemum_frutescens%29.jpg/1280px-00_4351_Strauchmargerite_%28Argyranthemum_frutescens%29.jpg,W. Bulach,CC BY-SA 4.0,2667,"마거리트의 학명 Argyranthemum frutescens. 파일 제목에 독일어 통칭과 학명이 함께 표기, 흰 꽃 근접컷.",들국화처럼 보이지만 카나리아 제도에서 건너온 나무성 국화예요. 줄기 아래쪽이 해마다 조금씩 목질로 굳어 가요.
9,4,뱀무,baemmu,https://commons.wikimedia.org/wiki/File:Geum_japonicum_1.JPG,https://upload.wikimedia.org/wikipedia/commons/thumb/f/f2/Geum_japonicum_1.JPG/1280px-Geum_japonicum_1.JPG,Qwert1234,CC BY-SA 3.0,3888,"CSV 학명 Geum와 name_ko 뱀무에 대응하는 Geum japonicum. 파일 제목 학명 일치, 노란 꽃 확인.",노란 꽃이 지고 나면 갈고리 달린 씨앗 뭉치가 남아요. 지나가는 짐승 털에 붙어 멀리까지 따라가려는 거예요.
9,5,느릅나무,neureupnamu-0905,https://commons.wikimedia.org/wiki/File:Ulmus_davidiana_var._japonica_samara_at_winter.JPG,https://upload.wikimedia.org/wikipedia/commons/thumb/b/bf/Ulmus_davidiana_var._japonica_samara_at_winter.JPG/1280px-Ulmus_davidiana_var._japonica_samara_at_winter.JPG,Dalgial,CC BY-SA 3.0,3264,name_ko 느릅나무에 대응하는 Ulmus davidiana var. japonica. 파일 제목 학명 일치. 꽃이 아주 작아 대신 시과를 담은 컷.,잎보다 씨앗이 먼저 나무를 덮어요. 얇은 날개를 두른 씨가 가지마다 붙어 연둣빛 안개처럼 보여요.
9,6,한련,hanryeon,https://commons.wikimedia.org/wiki/File:Close-up_of_Tropaeolum_majus_flowers_droplets_-20190830-RM-081005.jpg,https://upload.wikimedia.org/wikipedia/commons/thumb/d/de/Close-up_of_Tropaeolum_majus_flowers_droplets_-20190830-RM-081005.jpg/1280px-Close-up_of_Tropaeolum_majus_flowers_droplets_-20190830-RM-081005.jpg,Ermell,CC BY-SA 4.0,5182,"영문명 Nasturtium에 대응하는 Tropaeolum majus. 파일 제목 학명 일치, 매크로 근접컷.",잎이 물을 밀어내서 빗방울이 구슬처럼 굴러다녀요. 꽃도 잎도 먹을 수 있어 예전부터 밥상에 자주 올랐어요.
9,7,오렌지,orenji,https://commons.wikimedia.org/wiki/File:Citrus_sinensis_CloseupFlowerSolanadelPino.jpg,https://upload.wikimedia.org/wikipedia/commons/thumb/6/60/Citrus_sinensis_CloseupFlowerSolanadelPino.jpg/1280px-Citrus_sinensis_CloseupFlowerSolanadelPino.jpg,Javier martin,Public domain,2976,"영문명 Orange에 대응하는 Citrus sinensis. 파일 제목 학명과 CloseupFlower 표기 일치, 꽃 근접컷.",열매가 익는 동안 다음 해에 필 꽃봉오리가 같은 가지에 함께 맺혀요. 한 나무에서 꽃과 열매를 같이 보게 되는 이유예요.
9,8,갓,gat,https://commons.wikimedia.org/wiki/File:Brassica_juncea_Flower.jpg,https://upload.wikimedia.org/wikipedia/commons/thumb/3/39/Brassica_juncea_Flower.jpg/1280px-Brassica_juncea_Flower.jpg,Shmunmun,CC BY-SA 3.0,1824,"name_ko 갓에 대응하는 Brassica juncea. 파일 제목 학명 일치, 꽃차례 근접컷.",잎은 김치가 되고 씨앗은 겨자가 돼요. 매운맛은 잎이 상처를 입은 순간에야 만들어지는 방어 물질이에요.
9,9,갯개미취,gaetgaemichwi,https://commons.wikimedia.org/wiki/File:Tripolium_pannonicum_(flowers).jpg,https://upload.wikimedia.org/wikipedia/commons/thumb/3/38/Tripolium_pannonicum_%28flowers%29.jpg/1280px-Tripolium_pannonicum_%28flowers%29.jpg,Le.Loup.Gris,CC BY-SA 3.0,2288,name_ko 갯개미취의 학명 Tripolium pannonicum으로 확보. 영문명 Michaelmas Daisy는 보통 Symphyotrichum novi-belgii를 가리켜 두 이름이 어긋난다. 한글명 기준으로 골랐다.,바닷바람이 닿는 갯가에서 자라요. 소금기를 견디려고 잎을 도톰하게 채워 두는 쪽을 택했어요.
9,11,알로에,alroe,https://commons.wikimedia.org/wiki/File:A.vera-suzana-1.jpg,https://upload.wikimedia.org/wikipedia/commons/thumb/4/41/A.vera-suzana-1.jpg/1280px-A.vera-suzana-1.jpg,Philmarin,CC BY-SA 3.0,2128,name_ko 알로에에 대응하는 Aloe vera. 파일 제목과 Commons 분류 일치. 노란 꽃대를 확인하려고 근접컷 대신 개화 개체 전신컷을 골랐다.,잎을 자르면 맑은 젤이 배어 나와요. 사막에서 물을 아끼려고 잎 안쪽에 저장고를 만들어 둔 거예요.
9,12,클레마티스,keulrematiseu,https://commons.wikimedia.org/wiki/File:Clematis_terniflora_s4.jpg,https://upload.wikimedia.org/wikipedia/commons/thumb/d/d1/Clematis_terniflora_s4.jpg/1280px-Clematis_terniflora_s4.jpg,Alpsdake,CC BY-SA 4.0,6000,"CSV 학명 Clematis의 대표종으로 한국에도 자생하는 Clematis terniflora. 파일 제목 학명 일치, 꽃 근접컷.",꽃잎처럼 보이는 흰 조각은 사실 꽃받침이에요. 진짜 꽃잎은 일찌감치 포기하고 꽃받침에 그 역할을 맡겼어요.
9,13,버드나무,beodeunamu,https://commons.wikimedia.org/wiki/File:Salix_babylonica_(Saule_pleureur)_-_20150810_10h23_(11045).jpg,https://upload.wikimedia.org/wikipedia/commons/thumb/1/11/Salix_babylonica_%28Saule_pleureur%29_-_20150810_10h23_%2811045%29.jpg/1280px-Salix_babylonica_%28Saule_pleureur%29_-_20150810_10h23_%2811045%29.jpg,Medium69 (William Crochot),CC BY-SA 4.0,5284,영문명 Weeping Willow에 대응하는 Salix babylonica. 파일 제목 학명 일치. 늘어진 수형이 종의 특징이라 전신컷으로 골랐다.,가지가 아래로 흐르듯 늘어져요. 물가에 서서 수면에 닿을 만큼 길게 드리우는 게 이 나무의 습관이에요.
9,14,마르멜로,mareumelro,https://commons.wikimedia.org/wiki/File:Blooming_quince_(Cydonia_oblonga).jpg,https://upload.wikimedia.org/wikipedia/commons/thumb/5/59/Blooming_quince_%28Cydonia_oblonga%29.jpg/1280px-Blooming_quince_%28Cydonia_oblonga%29.jpg,Ввласенко,CC BY-SA 3.0,3082,"name_ko 마르멜로와 영문명 Quince에 대응하는 Cydonia oblonga. 파일 제목 학명 일치, 꽃 근접컷.",열매는 딱딱하고 시어서 그냥은 못 먹어요. 대신 향이 진해 방 안에 하나만 두어도 며칠씩 향이 남아요.
9,16,용담,yongdam,https://commons.wikimedia.org/wiki/File:Gentiana_scabra_var._buergeri_(flower_s3).JPG,https://upload.wikimedia.org/wikipedia/commons/thumb/d/d8/Gentiana_scabra_var._buergeri_%28flower_s3%29.JPG/1280px-Gentiana_scabra_var._buergeri_%28flower_s3%29.JPG,Alpsdake,CC BY-SA 4.0,3400,"CSV 학명 Gentiana와 name_ko 용담에 대응하는 Gentiana scabra. 파일 제목 학명 일치, 꽃 정면 근접컷.",해가 있을 때만 꽃을 열어요. 흐리거나 저물면 다시 오므려서 안쪽을 지켜요.
9,17,에리카,erika,https://commons.wikimedia.org/wiki/File:Erica_carnea_3_RF.jpg,https://upload.wikimedia.org/wikipedia/commons/thumb/2/2a/Erica_carnea_3_RF.jpg/1280px-Erica_carnea_3_RF.jpg,Robert Flogaus-Faust,CC BY 4.0,2326,"CSV 영문명 Heath와 name_ko 에리카에 대응하는 Erica carnea. 파일 제목 학명 일치, 꽃차례 근접컷.",겨울 끝자락 눈 사이에서도 꽃을 피워요. 항아리처럼 오므린 꽃 모양이 추위를 견디는 방식이에요.
9,18,엉겅퀴,eonggeongkwi,https://commons.wikimedia.org/wiki/File:Japanese_Thistle_Cirsium_japonicum_bud-flower.jpg,https://upload.wikimedia.org/wikipedia/commons/thumb/2/20/Japanese_Thistle_Cirsium_japonicum_bud-flower.jpg/1280px-Japanese_Thistle_Cirsium_japonicum_bud-flower.jpg,TANAKA Juuyoh (田中十洋),CC BY 2.0,3648,"name_ko 엉겅퀴에 대응하는 Cirsium japonicum. 파일 제목에 학명과 Japanese Thistle 병기, 꽃 근접컷.",가시는 잎에만 있고 꽃에는 없어요. 먹히지 않으려는 방어와 벌을 부르려는 초대를 한 몸에 나눠 두었어요.
9,19,사초,sacho,https://commons.wikimedia.org/wiki/File:Carex_pendula_inflorescens_(57).jpg,https://upload.wikimedia.org/wikipedia/commons/thumb/8/8c/Carex_pendula_inflorescens_%2857%29.jpg/1280px-Carex_pendula_inflorescens_%2857%29.jpg,Julia Kruse,CC BY-SA 3.0,2816,"CSV 학명 Carex의 대표종 Carex pendula. 파일 제목 학명 일치, 꽃차례 근접컷.",꽃잎이 아예 없어요. 벌 대신 바람을 부르기로 하고 꾸미는 일을 통째로 그만둔 쪽이에요.
9,20,로즈메리,rojeumeri,https://commons.wikimedia.org/wiki/File:Rosmarinus_officinalis-Romarin_cultiv%C3%A9-Fleurs-20201009.jpg,https://upload.wikimedia.org/wikipedia/commons/thumb/3/37/Rosmarinus_officinalis-Romarin_cultiv%C3%A9-Fleurs-20201009.jpg/1280px-Rosmarinus_officinalis-Romarin_cultiv%C3%A9-Fleurs-20201009.jpg,Daniel VILLAFRUELA,CC BY-SA 4.0,3024,"name_ko 로즈메리에 대응하는 Rosmarinus officinalis(현재 통용 학명 Salvia rosmarinus). 파일 제목 학명과 Fleurs 표기 일치, 꽃 근접컷.",잎을 스치기만 해도 향이 손에 남아요. 바닷가 절벽에서 마르지 않으려고 기름을 품은 결과가 그 향이에요.
9,21,사프란,sapeuran,https://commons.wikimedia.org/wiki/File:Crocus_sativus_-_Saffron_crocus_-_Safran_03.JPG,https://upload.wikimedia.org/wikipedia/commons/thumb/b/b5/Crocus_sativus_-_Saffron_crocus_-_Safran_03.JPG/1280px-Crocus_sativus_-_Saffron_crocus_-_Safran_03.JPG,Zeynel Cebeci,CC BY-SA 4.0,2232,name_ko 사프란의 학명 Crocus sativus로 확보. 영문명 Autumn Crocus는 Colchicum autumnale를 가리키기도 해 이름이 갈린다. 한글명 기준으로 골랐다.,꽃 한 송이에서 붉은 암술 세 가닥만 거둬요. 그래서 향신료 중에 가장 값이 비싼 자리에 있어요.
9,22,퀘이킹 그라스,kweiking-geuraseu,https://commons.wikimedia.org/wiki/File:Briza_media_-_keskmine_v%C3%A4rihein.jpg,https://upload.wikimedia.org/wikipedia/commons/thumb/4/44/Briza_media_-_keskmine_v%C3%A4rihein.jpg/1280px-Briza_media_-_keskmine_v%C3%A4rihein.jpg,Ivar Leidus,CC BY-SA 3.0,4000,"영문명 Quaking Grass에 대응하는 Briza media. 파일 제목 학명 일치, 이삭 근접컷.",작은 이삭이 실 같은 자루에 매달려 바람만 스쳐도 떨려요. 이름도 그 떨림에서 왔어요.
9,23,주목,jumok,https://commons.wikimedia.org/wiki/File:Japanese_Yew_Taxus_cuspidata_Leaf_Closeup_3008px.jpg,https://upload.wikimedia.org/wikipedia/commons/thumb/3/34/Japanese_Yew_Taxus_cuspidata_Leaf_Closeup_3008px.jpg/1280px-Japanese_Yew_Taxus_cuspidata_Leaf_Closeup_3008px.jpg,Photo (c)2007 Derek Ramsey (Ram-Man),CC BY-SA 2.5,3008,"name_ko 주목에 대응하는 Taxus cuspidata. 파일 제목에 학명과 Japanese Yew 병기, 잎 근접컷.",살아 천 년 죽어 천 년이라는 말이 붙은 나무예요. 붉은 열매만 달고 씨앗에는 독을 숨겨 두었어요.
9,24,오렌지,orenji,https://commons.wikimedia.org/wiki/File:Citrus_sinensis_CloseupFlowerSolanadelPino.jpg,https://upload.wikimedia.org/wikipedia/commons/thumb/6/60/Citrus_sinensis_CloseupFlowerSolanadelPino.jpg/1280px-Citrus_sinensis_CloseupFlowerSolanadelPino.jpg,Javier martin,Public domain,2976,"영문명 Orange에 대응하는 Citrus sinensis. 파일 제목 학명과 CloseupFlower 표기 일치, 꽃 근접컷.",열매가 익는 동안 다음 해에 필 꽃봉오리가 같은 가지에 함께 맺혀요. 한 나무에서 꽃과 열매를 같이 보게 되는 이유예요.
9,25,메귀리,megwiri,https://commons.wikimedia.org/wiki/File:Avena_fatua_sl6.jpg,https://upload.wikimedia.org/wikipedia/commons/thumb/e/e9/Avena_fatua_sl6.jpg/1280px-Avena_fatua_sl6.jpg,Stefan.lefnaer,CC BY-SA 4.0,3096,name_ko 메귀리의 학명 Avena fatua로 확보. 영문명 Animated Oat는 보통 Avena sterilis를 가리켜 두 이름이 어긋난다. 한글명 기준으로 골랐다.,씨앗에 붙은 까끄라기가 습기에 따라 비틀렸다 풀렸다 해요. 그 힘으로 스스로 땅을 파고 들어가요.
9,26,감,gam,"https://commons.wikimedia.org/wiki/File:Fuyu_persimmon_fruits,_one_cut_open.jpg",https://upload.wikimedia.org/wikipedia/commons/thumb/7/78/Fuyu_persimmon_fruits%2C_one_cut_open.jpg/1280px-Fuyu_persimmon_fruits%2C_one_cut_open.jpg,Frank Schulenburg,CC BY-SA 4.0,5472,name_ko 감의 학명 Diospyros kaki로 확보. 영문명 Date Plum은 보통 Diospyros lotus(고욤나무)를 가리켜 두 이름이 어긋난다. 한글명 기준으로 골랐다.,떫은맛은 익으면서 스스로 사라져요. 씨앗이 여물기 전에 먹히지 않으려고 걸어 둔 시간 잠금장치예요.
9,27,떡갈나무,tteokgalnamu-0927,https://commons.wikimedia.org/wiki/File:Quercus_dentata_(44354176202).jpg,https://upload.wikimedia.org/wikipedia/commons/thumb/3/35/Quercus_dentata_%2844354176202%29.jpg/1280px-Quercus_dentata_%2844354176202%29.jpg,LiCheng Shih,CC BY 2.0,6016,"name_ko 떡갈나무에 대응하는 Quercus dentata. 파일 제목 학명 일치, 잎 근접컷.",잎이 참나무 무리에서 가장 커요. 예전엔 이 잎에 떡을 싸서 쪄 먹었고 이름도 거기서 왔어요.
9,28,색비름,saekbireum,https://commons.wikimedia.org/wiki/File:Amaranthus_tricolor_(in_a_flowerbed)_02.jpg,https://upload.wikimedia.org/wikipedia/commons/thumb/2/2a/Amaranthus_tricolor_%28in_a_flowerbed%29_02.jpg/1280px-Amaranthus_tricolor_%28in_a_flowerbed%29_02.jpg,Kor!An (Корзун Андрей),CC BY-SA 3.0,2816,name_ko 색비름의 학명 Amaranthus tricolor로 확보. 영문명 Love-Lies-Bleeding은 보통 Amaranthus caudatus를 가리켜 두 이름이 어긋난다. 한글명 기준으로 골랐다.,꽃보다 잎이 화려해요. 붉고 노란 물이 잎에 번져서 멀리서 보면 꽃밭처럼 보여요.
9,29,사과,sagwa-0929,https://commons.wikimedia.org/wiki/File:Malus_domestica_(Apple)_flowers_3.jpg,https://upload.wikimedia.org/wikipedia/commons/thumb/4/4f/Malus_domestica_%28Apple%29_flowers_3.jpg/1280px-Malus_domestica_%28Apple%29_flowers_3.jpg,Relativity,CC BY-SA 4.0,5472,"영문명 Apple에 대응하는 Malus domestica. 파일 제목 학명과 flowers 표기 일치, 꽃 근접컷.",꽃은 분홍으로 열렸다가 하얗게 바래요. 벌에게 지금이 제일 좋은 때라고 알려 주는 신호예요.
9,30,삼나무,samnamu-0930,https://commons.wikimedia.org/wiki/File:Japanese_cedar_cones_-_Cryptomeria_japonica.jpg,https://upload.wikimedia.org/wikipedia/commons/thumb/b/b5/Japanese_cedar_cones_-_Cryptomeria_japonica.jpg/1280px-Japanese_cedar_cones_-_Cryptomeria_japonica.jpg,MrPanyGoff,CC BY-SA 3.0,3014,name_ko 삼나무의 학명 Cryptomeria japonica로 확보. 영문명 Cedar는 보통 Cedrus속을 가리켜 두 이름이 어긋난다. 한글명 기준으로 골랐다.,가지 끝마다 작은 방울 같은 열매가 달려요. 곧게 자라는 성질 때문에 오래도록 기둥감으로 쓰였어요.
10,2,살구,salgu,https://commons.wikimedia.org/wiki/File:Prunus_armeniaca_flowers_in_Kharkov.jpg,https://upload.wikimedia.org/wikipedia/commons/thumb/8/8a/Prunus_armeniaca_flowers_in_Kharkov.jpg/1280px-Prunus_armeniaca_flowers_in_Kharkov.jpg,Victor Vizu,CC BY-SA 3.0,3264,"영문명 Apricot에 대응하는 Prunus armeniaca. 파일 제목 학명 일치, 꽃 근접컷.",매화가 진 자리에 이어서 피어요. 잎이 나기 전에 꽃부터 터뜨려서 가지가 통째로 하얘져요.
10,3,단풍나무,danpungnamu,https://commons.wikimedia.org/wiki/File:Japanischer_Ahorn_--_2021_--_3946.jpg,https://upload.wikimedia.org/wikipedia/commons/thumb/c/c0/Japanischer_Ahorn_--_2021_--_3946.jpg/1280px-Japanischer_Ahorn_--_2021_--_3946.jpg,Dietmar Rabich,CC BY-SA 4.0,4268,"name_ko 단풍나무에 대응하는 Acer palmatum. Commons 분류 학명 일치, 단풍 든 잎 매크로 근접컷.",잎이 붉어지는 건 초록이 빠져나간 뒤에야 원래 색이 드러나는 거예요. 붉은색은 새로 칠한 게 아니라 내내 안에 있었어요.
10,4,홉,hop,https://commons.wikimedia.org/wiki/File:Humulus_Lupulus_Hopfendolde-mit-hopfengarten.jpg,https://upload.wikimedia.org/wikipedia/commons/thumb/0/08/Humulus_Lupulus_Hopfendolde-mit-hopfengarten.jpg/1280px-Humulus_Lupulus_Hopfendolde-mit-hopfengarten.jpg,LuckyStarr,CC BY 2.5,2560,"영문명 Common Hop에 대응하는 Humulus lupulus. 파일 제목 학명 일치, 구화수 근접컷.",솔방울처럼 생긴 이 열매가 맥주의 쓴맛을 맡아요. 암그루에만 달려서 밭에는 암그루만 심어요.
10,5,종려나무,jongryeonamu,https://commons.wikimedia.org/wiki/File:Trachycarpus_fortunei_inflorescence.jpg,https://upload.wikimedia.org/wikipedia/commons/thumb/0/0f/Trachycarpus_fortunei_inflorescence.jpg/1280px-Trachycarpus_fortunei_inflorescence.jpg,Rillke,CC BY-SA 3.0,1500,"영문명 Windmill Palm에 대응하는 Trachycarpus fortunei. 파일 제목 학명과 inflorescence 표기 일치, 꽃차례 컷.",줄기를 갈색 섬유가 그물처럼 감싸요. 그 섬유를 벗겨 밧줄과 빗자루를 만들어 썼어요.
10,6,개암나무,gaeamnamu,https://commons.wikimedia.org/wiki/File:Male_inflorescence_of_Corylus_heterophylla_var._thunbergii.jpg,https://upload.wikimedia.org/wikipedia/commons/thumb/6/66/Male_inflorescence_of_Corylus_heterophylla_var._thunbergii.jpg/1280px-Male_inflorescence_of_Corylus_heterophylla_var._thunbergii.jpg,小石川人晃,CC BY-SA 4.0,6048,"name_ko 개암나무에 대응하는 Corylus heterophylla. 파일 제목 학명과 male inflorescence 표기 일치, 수꽃차례 근접컷.",잎보다 먼저 긴 꼬리 같은 수꽃이 늘어져요. 바람이 지나갈 때마다 노란 가루를 털어 보내요.
10,7,전나무,jeonnamu,https://commons.wikimedia.org/wiki/File:Abies_holophylla_lt.jpg,https://upload.wikimedia.org/wikipedia/commons/thumb/7/77/Abies_holophylla_lt.jpg/1280px-Abies_holophylla_lt.jpg,Darius Baužys,CC BY-SA 4.0,4928,"name_ko 전나무에 대응하는 Abies holophylla. 파일 제목 학명 일치, 새 잎이 돋은 가지 근접컷.",솔방울이 아래로 매달리지 않고 위를 향해 서요. 다 익으면 통째로 떨어지지 않고 비늘부터 흩어져요.
10,8,파슬리,paseulri,https://commons.wikimedia.org/wiki/File:Parsley_leaves.jpg,https://upload.wikimedia.org/wikipedia/commons/thumb/6/64/Parsley_leaves.jpg/1280px-Parsley_leaves.jpg,Jeffery Martin,CC0,4608,"영문명 Parsley에 대응하는 Petroselinum crispum. Commons 분류 학명 일치, 곱슬 잎 근접컷.",접시 가장자리 장식으로만 쓰이기엔 아까운 잎이에요. 씹으면 입 안의 냄새를 정리해 주는 쪽에 더 재주가 있어요.
10,9,회향,hoehyang,https://commons.wikimedia.org/wiki/File:Foeniculum_vulgare_FlowersCloseup_15July2009_ParqueNaturalLagunasdelaMata.jpg,https://upload.wikimedia.org/wikipedia/commons/thumb/d/d4/Foeniculum_vulgare_FlowersCloseup_15July2009_ParqueNaturalLagunasdelaMata.jpg/1280px-Foeniculum_vulgare_FlowersCloseup_15July2009_ParqueNaturalLagunasdelaMata.jpg,Javier martin,Public domain,3648,"영문명 Fennel에 대응하는 Foeniculum vulgare. 파일 제목 학명과 FlowersCloseup 표기 일치, 꽃차례 근접컷.",씨앗을 씹으면 은은한 단맛이 돌아요. 인도에서는 식사 끝에 한 줌씩 내주는 게 오랜 습관이에요.
10,10,멜론,melron,https://commons.wikimedia.org/wiki/File:Flower_of_Cucumis_melo.jpg,https://upload.wikimedia.org/wikipedia/commons/thumb/d/db/Flower_of_Cucumis_melo.jpg/1280px-Flower_of_Cucumis_melo.jpg,Frantishak,CC BY-SA 4.0,2960,"영문명 Melon에 대응하는 Cucumis melo. 파일 제목 학명과 Flower 표기 일치, 꽃 근접컷.",한 그루에 수꽃과 암꽃이 따로 피어요. 열매를 맺는 건 밑동이 볼록한 암꽃 쪽이에요.
10,11,부처꽃,bucheokkot,https://commons.wikimedia.org/wiki/File:Lythrum_salicaria_flowers_-_Kulna.jpg,https://upload.wikimedia.org/wikipedia/commons/thumb/0/0b/Lythrum_salicaria_flowers_-_Kulna.jpg/1280px-Lythrum_salicaria_flowers_-_Kulna.jpg,Ivar Leidus,CC BY-SA 4.0,4000,"CSV 학명 Lythrum의 대표종 Lythrum salicaria. 파일 제목 학명과 flowers 표기 일치, 꽃차례 근접컷.",물가에서 곧게 서서 보랏빛 탑을 쌓아요. 백중에 부처님께 올리던 꽃이라 이름이 그렇게 붙었어요.
10,12,월귤,wolgyul,https://commons.wikimedia.org/wiki/File:Vaccinium_vitis-idaea_(flowering).jpg,https://upload.wikimedia.org/wikipedia/commons/thumb/f/f6/Vaccinium_vitis-idaea_%28flowering%29.jpg/1280px-Vaccinium_vitis-idaea_%28flowering%29.jpg,Hans Hillewaert,CC BY-SA 3.0,3604,name_ko 월귤의 학명 Vaccinium vitis-idaea로 확보. 영문명 Bilberry는 보통 Vaccinium myrtillus를 가리켜 두 이름이 어긋난다. 한글명 기준으로 골랐다.,고산과 툰드라의 추위 속에서 자라요. 잎을 겨울에도 떨구지 않고 눈 밑에서 그대로 버텨요.
10,13,조팝나무,jopapnamu,https://commons.wikimedia.org/wiki/File:Spiraea_prunifolia_var._simpliciflora_2014.4.5_(13679069895).jpg,https://upload.wikimedia.org/wikipedia/commons/thumb/0/05/Spiraea_prunifolia_var._simpliciflora_2014.4.5_%2813679069895%29.jpg/1280px-Spiraea_prunifolia_var._simpliciflora_2014.4.5_%2813679069895%29.jpg,영철 이 from 광주 광역시,CC BY-SA 2.0,3888,"CSV 학명 Spiraea와 name_ko 조팝나무에 대응하는 Spiraea prunifolia. 파일 제목 학명 일치, 꽃 무리 컷.",가지마다 흰 꽃이 좁쌀처럼 촘촘히 붙어요. 튀긴 좁쌀을 붙여 놓은 것 같다고 해서 이름이 생겼어요.
10,15,스위트 바즐,seuwiteu-bajeul,https://commons.wikimedia.org/wiki/File:Ocimum_basilicum_CG_NBG_LR.jpg,https://upload.wikimedia.org/wikipedia/commons/thumb/1/1e/Ocimum_basilicum_CG_NBG_LR.jpg/1280px-Ocimum_basilicum_CG_NBG_LR.jpg,PumpkinSky,CC BY-SA 4.0,6000,"영문명 Sweet Basil에 대응하는 Ocimum basilicum. 파일 제목 학명 일치, 잎 근접컷.",꽃대가 올라오면 잎 맛이 옅어져요. 그래서 향을 쓰려는 사람은 꽃봉오리를 미리 잘라 줘요.
10,17,포도,podo,"https://commons.wikimedia.org/wiki/File:Bunch_of_grapes_amidst_vine_leaves,_Ponte_de_Sor_(approx._GPS_location)_julesvernex2.jpg",https://upload.wikimedia.org/wikipedia/commons/thumb/8/8b/Bunch_of_grapes_amidst_vine_leaves%2C_Ponte_de_Sor_%28approx._GPS_location%29_julesvernex2.jpg/1280px-Bunch_of_grapes_amidst_vine_leaves%2C_Ponte_de_Sor_%28approx._GPS_location%29_julesvernex2.jpg,Jules Verne Times Two,CC BY-SA 4.0,4072,"영문명 Grape에 대응하는 Vitis vinifera. 파일 설명 학명 일치, 열매송이 근접컷.",껍질에 앉은 뿌연 가루는 먼지가 아니에요. 수분을 지키려고 스스로 두른 밀랍이라 씻으면 사라져요.
10,18,넌출월귤,neonchulwolgyul,https://commons.wikimedia.org/wiki/File:Vaccinium_oxycoccos_kz05.jpg,https://upload.wikimedia.org/wikipedia/commons/thumb/7/7f/Vaccinium_oxycoccos_kz05.jpg/1280px-Vaccinium_oxycoccos_kz05.jpg,"Krzysztof Ziarnek, Kenraiz",CC BY-SA 4.0,4602,"name_ko 넌출월귤과 영문명 Cranberry에 대응하는 Vaccinium oxycoccos. 파일 제목 학명 일치, 꽃 컷.",이끼 늪 위를 실처럼 기어 다니며 자라요. 열매가 물에 뜨는 성질이 있어 수확할 때 밭에 물을 채워요.
10,19,빨강 봉선화,ppalgang-bongseonhwa,https://commons.wikimedia.org/wiki/File:Impatiens_balsamina_hybrid-4-xavier_cottage-yercaud-salem-India.jpg,https://upload.wikimedia.org/wikipedia/commons/thumb/2/2a/Impatiens_balsamina_hybrid-4-xavier_cottage-yercaud-salem-India.jpg/1280px-Impatiens_balsamina_hybrid-4-xavier_cottage-yercaud-salem-India.jpg,Yercaud-elango,CC BY-SA 4.0,3456,"name_ko 봉선화와 영문명 Balsam에 대응하는 Impatiens balsamina. 파일 제목 학명 일치, name_ko의 빨강에 맞춰 붉은 꽃 개체로 골랐다.",여문 씨주머니를 건드리면 탁 터지며 씨를 튕겨 내요. 학명에 참을성 없다는 뜻이 붙은 이유예요.
10,20,마,,,,,,,"미확보. name_ko 마는 참마(Dioscorea)를, 영문명 Indian Hemp는 삼이나 Apocynum을 가리켜 서로 다른 과의 식물이다. CSV에 학명이 없어 어느 쪽인지 특정할 수 없어 후보를 올리지 않았다. 편집 판단 필요.",
10,21,엉겅퀴,eonggeongkwi,https://commons.wikimedia.org/wiki/File:Japanese_Thistle_Cirsium_japonicum_bud-flower.jpg,https://upload.wikimedia.org/wikipedia/commons/thumb/2/20/Japanese_Thistle_Cirsium_japonicum_bud-flower.jpg/1280px-Japanese_Thistle_Cirsium_japonicum_bud-flower.jpg,TANAKA Juuyoh (田中十洋),CC BY 2.0,3648,"name_ko 엉겅퀴에 대응하는 Cirsium japonicum. 파일 제목에 학명과 Japanese Thistle 병기, 꽃 근접컷.",가시는 잎에만 있고 꽃에는 없어요. 먹히지 않으려는 방어와 벌을 부르려는 초대를 한 몸에 나눠 두었어요.
10,22,벗풀,beotpul,"https://commons.wikimedia.org/wiki/File:%E9%87%8E%E6%85%88%E5%A7%91_Sagittaria_trifolia_-%E9%AB%98%E9%9B%84%E5%8E%9F%E7%94%9F%E6%A4%8D%E7%89%A9%E5%9C%92_Kaohsiung_Original_Botanical_Garden,_Taiwan-_(26111914217).jpg",https://upload.wikimedia.org/wikipedia/commons/thumb/c/c1/%E9%87%8E%E6%85%88%E5%A7%91_Sagittaria_trifolia_-%E9%AB%98%E9%9B%84%E5%8E%9F%E7%94%9F%E6%A4%8D%E7%89%A9%E5%9C%92_Kaohsiung_Original_Botanical_Garden%2C_Taiwan-_%2826111914217%29.jpg/1280px-%E9%87%8E%E6%85%88%E5%A7%91_Sagittaria_trifolia_-%E9%AB%98%E9%9B%84%E5%8E%9F%E7%94%9F%E6%A4%8D%E7%89%A9%E5%9C%92_Kaohsiung_Original_Botanical_Garden%2C_Taiwan-_%2826111914217%29.jpg,阿橋 HQ,CC BY-SA 2.0,2736,"name_ko 벗풀과 영문명 Arrow-Head에 대응하는 Sagittaria trifolia. 파일 제목 학명 일치, 잎과 꽃 컷.",잎이 화살촉을 닮아서 이름이 붙었어요. 물속에 잠긴 잎은 화살촉 대신 가늘고 긴 모양으로 자라요.
10,23,흰독말풀,huindokmalpul,https://commons.wikimedia.org/wiki/File:Datura_stramonium_flower_(8975477148).jpg,https://upload.wikimedia.org/wikipedia/commons/thumb/9/9c/Datura_stramonium_flower_%288975477148%29.jpg/1280px-Datura_stramonium_flower_%288975477148%29.jpg,"John Tann from Sydney, Australia",CC BY 2.0,3289,"name_ko 흰독말풀과 영문명 Thorn Apple에 대응하는 Datura stramonium. 파일 제목 학명과 flower 표기 일치, 한글명에 맞춰 흰 꽃 개체로 골랐다.",해가 지고 나서야 나팔 같은 꽃을 열어요. 밤에 오는 나방만 상대하기로 정한 거예요. 온몸에 독이 있으니 만지고 나면 손을 씻어 주세요.
10,24,매화,maehwa,"https://commons.wikimedia.org/wiki/File:Flowers_of_Prunus_mume_(Armenaca_mume_%E2%80%98Bumpi%E2%80%99)_at_Nagai_Botanical_Garden,_February_2024_-_5452.jpg",https://upload.wikimedia.org/wikipedia/commons/thumb/a/af/Flowers_of_Prunus_mume_%28Armenaca_mume_%E2%80%98Bumpi%E2%80%99%29_at_Nagai_Botanical_Garden%2C_February_2024_-_5452.jpg/1280px-Flowers_of_Prunus_mume_%28Armenaca_mume_%E2%80%98Bumpi%E2%80%99%29_at_Nagai_Botanical_Garden%2C_February_2024_-_5452.jpg,Laitche,CC BY-SA 4.0,5144,"CSV 학명 Prunus mume와 정확히 일치. 파일 제목 학명 일치, 가지째 담은 꽃 근접컷.",눈이 채 녹기 전에 피어요. 잎도 나기 전에 꽃부터 여는 성질이라 향이 유난히 멀리 가요.
10,25,단풍나무,danpungnamu,https://commons.wikimedia.org/wiki/File:Japanischer_Ahorn_--_2021_--_3946.jpg,https://upload.wikimedia.org/wikipedia/commons/thumb/c/c0/Japanischer_Ahorn_--_2021_--_3946.jpg/1280px-Japanischer_Ahorn_--_2021_--_3946.jpg,Dietmar Rabich,CC BY-SA 4.0,4268,"name_ko 단풍나무에 대응하는 Acer palmatum. Commons 분류 학명 일치, 단풍 든 잎 매크로 근접컷.",잎이 붉어지는 건 초록이 빠져나간 뒤에야 원래 색이 드러나는 거예요. 붉은색은 새로 칠한 게 아니라 내내 안에 있었어요.
10,26,수영,suyeong-1026,https://commons.wikimedia.org/wiki/File:Rumex_acetosa_-_Hapu_oblikas.jpg,https://upload.wikimedia.org/wikipedia/commons/thumb/e/ee/Rumex_acetosa_-_Hapu_oblikas.jpg/1280px-Rumex_acetosa_-_Hapu_oblikas.jpg,Ivar Leidus,CC BY-SA 3.0,4000,"CSV 학명 Rumex와 name_ko 수영에 대응하는 Rumex acetosa. 파일 제목 학명 일치, 꽃차례 근접컷.",잎을 씹으면 새콤한 맛이 돌아요. 그 신맛 때문에 옛날 아이들이 들에서 간식처럼 뜯어 먹었어요.
10,28,무궁화,mugunghwa-1028,"https://commons.wikimedia.org/wiki/File:(MHNT)_Hibiscus_syriacus_Pink_Rose_of_Sharon_hibiscus_flower_-_Les_Martels,_Giroussens_Tarn.jpg",https://upload.wikimedia.org/wikipedia/commons/thumb/8/8c/%28MHNT%29_Hibiscus_syriacus_Pink_Rose_of_Sharon_hibiscus_flower_-_Les_Martels%2C_Giroussens_Tarn.jpg/1280px-%28MHNT%29_Hibiscus_syriacus_Pink_Rose_of_Sharon_hibiscus_flower_-_Les_Martels%2C_Giroussens_Tarn.jpg,Didier Descouens,CC BY-SA 4.0,7870,"name_ko 무궁화와 영문명 Rose of Sharon에 대응하는 Hibiscus syriacus. 파일 제목 학명과 flower 표기 일치, 꽃 근접컷.",한 송이는 하루면 지지만 다음 봉오리가 곧바로 이어 피어요. 여름 내내 꽃이 끊기지 않는 이유예요.
10,29,해당화,haedanghwa,https://commons.wikimedia.org/wiki/File:Rosa_rugosa_Tj%C3%B6rn_June_2026_01.jpg,https://upload.wikimedia.org/wikipedia/commons/thumb/2/24/Rosa_rugosa_Tj%C3%B6rn_June_2026_01.jpg/1280px-Rosa_rugosa_Tj%C3%B6rn_June_2026_01.jpg,ArildV,CC BY-SA 4.0,7543,name_ko 해당화의 학명 Rosa rugosa로 확보. 영문명 Crab Apple은 Malus속 꽃사과를 가리켜 두 이름이 어긋난다. 한글명 기준으로 골랐다.,바닷가 모래언덕에 뿌리를 박고 살아요. 소금바람을 견디려고 잎에 깊은 주름을 잡아 두었어요.
10,30,로벨리아,robelria,https://commons.wikimedia.org/wiki/File:Lobelia_erinus_flower_(02).jpeg,https://upload.wikimedia.org/wikipedia/commons/thumb/9/91/Lobelia_erinus_flower_%2802%29.jpeg/1280px-Lobelia_erinus_flower_%2802%29.jpeg,Nicola van Berkel,CC BY-SA 4.0,2048,"CSV 학명 Lobelia의 대표 원예종 Lobelia erinus. 파일 제목 학명과 flower 표기 일치, 꽃 매크로 근접컷.",꽃이 위아래로 갈라져 나비 모양을 만들어요. 아래쪽 세 갈래가 벌이 내려앉을 자리예요.
10,31,칼라,kalra,https://commons.wikimedia.org/wiki/File:Arum_lily_(Zantedeschia_aethiopica)_(46592567661).jpg,https://upload.wikimedia.org/wikipedia/commons/thumb/f/f2/Arum_lily_%28Zantedeschia_aethiopica%29_%2846592567661%29.jpg/1280px-Arum_lily_%28Zantedeschia_aethiopica%29_%2846592567661%29.jpg,"Bernard Spragg. NZ from Christchurch, New Zealand",Public domain,5023,"name_ko 칼라와 영문명 Calla에 대응하는 Zantedeschia aethiopica. 파일 제목 학명 일치, 꽃 근접컷.",깔때기처럼 말린 흰 부분은 꽃잎이 아니라 잎이 변한 덮개예요. 진짜 꽃은 그 안에 선 노란 기둥에 촘촘히 붙어 있어요.
11,1,서양모과,seoyangmogwa,"https://commons.wikimedia.org/wiki/File:Medlar_(Mespilus_germanica)_flower,_Ayrshire.jpg",https://upload.wikimedia.org/wikipedia/commons/thumb/d/df/Medlar_%28Mespilus_germanica%29_flower%2C_Ayrshire.jpg/1280px-Medlar_%28Mespilus_germanica%29_flower%2C_Ayrshire.jpg,Rosser1954,CC BY-SA 4.0,4608,"name_ko 서양모과와 영문명 Medlar에 대응하는 Mespilus germanica. 파일 제목 학명과 flower 표기 일치, 꽃 근접컷.",서리를 맞고 무르기 전에는 먹을 수 없어요. 겨울이 지나야 비로소 단맛이 도는 늦된 열매예요.
11,2,루피너스,rupineoseu,https://commons.wikimedia.org/wiki/File:Lupinus_polyphyllus_UA_2026_G4.jpg,https://upload.wikimedia.org/wikipedia/commons/thumb/a/a4/Lupinus_polyphyllus_UA_2026_G4.jpg/1280px-Lupinus_polyphyllus_UA_2026_G4.jpg,George Chernilevsky,CC BY 4.0,3880,"CSV 학명 Lupinus의 대표종 Lupinus polyphyllus. 파일 제목 학명 일치, 꽃차례 컷.",뿌리에 공기 중의 질소를 붙잡아 두는 세균을 길러요. 척박한 땅에 먼저 들어가 흙을 기름지게 만들어요.
11,3,브리오니아,beurionia,https://commons.wikimedia.org/wiki/File:P1000629_Bryonia_dioica_(Cucurbitaceae)_Flower_(detail).JPG,https://upload.wikimedia.org/wikipedia/commons/thumb/b/ba/P1000629_Bryonia_dioica_%28Cucurbitaceae%29_Flower_%28detail%29.JPG/1280px-P1000629_Bryonia_dioica_%28Cucurbitaceae%29_Flower_%28detail%29.JPG,Magnus Manske,CC BY-SA 3.0,3648,"CSV 학명 Bryonia의 대표종 Bryonia dioica. 파일 제목 학명과 Flower detail 표기 일치, 꽃 근접컷.",덩굴손이 용수철처럼 감기며 몸을 끌어올려요. 뿌리는 사람 키만큼 굵어지기도 하지만 독이 있어 먹지 않아요.
11,4,골고사리,golgosari,https://commons.wikimedia.org/wiki/File:Asplenium_scolopendrium_leaves.jpg,https://upload.wikimedia.org/wikipedia/commons/thumb/7/7d/Asplenium_scolopendrium_leaves.jpg/1280px-Asplenium_scolopendrium_leaves.jpg,Nicolas Weghaupt,CC0,4928,"name_ko 골고사리와 영문명 Hart's-Tongue Fern에 대응하는 Asplenium scolopendrium. 파일 제목 학명 일치, 잎 컷.",고사리인데 잎이 갈라지지 않고 혓바닥처럼 통째로 길어요. 뒷면에 줄무늬처럼 늘어선 것이 홀씨주머니예요.
11,5,단양쑥부쟁이,,,,,,,미확보. name_ko 단양쑥부쟁이는 한국 고유종 Aster altaicus var. uchiyamae인데 Commons에 확인 가능한 실사가 없다. 영문명 Fig Marigold는 Mesembryanthemum속을 가리켜 과가 아예 달라 대체하지 않았다. 편집 판단 필요.,
11,6,등골나물,deunggolnamul,"https://commons.wikimedia.org/wiki/File:Eupatorium_japonicum_(at_Tsukuba_Botanical_Garden,_Ibaraki,_Japan)_01.jpg",https://upload.wikimedia.org/wikipedia/commons/thumb/4/4a/Eupatorium_japonicum_%28at_Tsukuba_Botanical_Garden%2C_Ibaraki%2C_Japan%29_01.jpg/1280px-Eupatorium_japonicum_%28at_Tsukuba_Botanical_Garden%2C_Ibaraki%2C_Japan%29_01.jpg,小石川人晃,CC BY-SA 4.0,6492,"name_ko 등골나물과 영문명의 Eupatoire에 대응하는 Eupatorium japonicum. 파일 제목 학명 일치, 꽃차례 컷.",꽃이 지고 마르면서 향이 진해져요. 그 향 때문에 예부터 말려서 몸에 지니고 다녔어요.
11,8,가는동자꽃,ganeundongjakkot,https://commons.wikimedia.org/wiki/File:Silene_flos-cuculi_flower_-_Niitv%C3%A4lja.jpg,https://upload.wikimedia.org/wikipedia/commons/thumb/b/b6/Silene_flos-cuculi_flower_-_Niitv%C3%A4lja.jpg/1280px-Silene_flos-cuculi_flower_-_Niitv%C3%A4lja.jpg,Ivar Leidus,CC BY-SA 4.0,4000,"CSV 학명 Lychnis flos-cuculi와 정확히 일치(현재 통용 학명 Silene flos-cuculi). 파일 제목 학명 일치, 꽃 근접컷.",꽃잎이 넷으로 깊게 찢어져 헝클어진 것처럼 보여요. 일부러 그렇게 갈라 두어 멀리서도 눈에 띄어요.
11,9,몰약의 꽃,,,,,,,미확보. 몰약의 원식물 Commiphora myrrha의 검증 가능한 실사가 Commons에 없다. 검색 결과는 유향과 몰약을 담은 종교화나 근연종 Commiphora wightii뿐이라 종을 특정할 수 없었다. 편집 판단 필요.,
11,10,부용,buyong,https://commons.wikimedia.org/wiki/File:Hibiscus_mutabilis_(190111-1618).jpg,https://upload.wikimedia.org/wikipedia/commons/thumb/d/d1/Hibiscus_mutabilis_%28190111-1618%29.jpg/1280px-Hibiscus_mutabilis_%28190111-1618%29.jpg,Wee Hong,CC BY-SA 4.0,3120,"CSV 학명 Hibiscus mutabilis와 정확히 일치. 파일 제목 학명 일치, 꽃 근접컷.",아침에 흰 꽃으로 열렸다가 저녁이면 붉게 물들어요. 하루 사이에 색이 변한다고 해서 취부용이라고도 불러요.
11,12,레몬,remon,https://commons.wikimedia.org/wiki/File:Citrus_limon_(flower).jpg,https://upload.wikimedia.org/wikipedia/commons/thumb/7/77/Citrus_limon_%28flower%29.jpg/1280px-Citrus_limon_%28flower%29.jpg,Filo gèn',CC BY-SA 4.0,4608,"영문명 Lemon에 대응하는 Citrus limon. 파일 제목 학명과 flower 표기 일치, 꽃 근접컷.",꽃봉오리 바깥은 연보라인데 열리면 안쪽이 하얘요. 열매의 신맛과 달리 꽃향은 달아요.
11,13,레몬 버베나,remon-beobena,https://commons.wikimedia.org/wiki/File:Aloysia_citrodora_-_flowers.jpg,https://upload.wikimedia.org/wikipedia/commons/thumb/7/70/Aloysia_citrodora_-_flowers.jpg/1280px-Aloysia_citrodora_-_flowers.jpg,Metrónomo,CC BY-SA 2.5 ar,4320,"영문명 Lemon Verbena에 대응하는 Aloysia citrodora. 파일 제목 학명과 flowers 표기 일치, 꽃차례 근접컷.",잎을 문지르면 레몬보다 더 레몬 같은 향이 나요. 정작 레몬과는 아무 사이도 아니에요.
11,14,소나무,sonamu-1114,"https://commons.wikimedia.org/wiki/File:Pinus_densiflora,_Morris_Arboretum_04.jpg",https://upload.wikimedia.org/wikipedia/commons/thumb/a/a5/Pinus_densiflora%2C_Morris_Arboretum_04.jpg/1280px-Pinus_densiflora%2C_Morris_Arboretum_04.jpg,Shuvaev,CC BY-SA 4.0,4608,"name_ko 소나무에 대응하는 Pinus densiflora. 파일 제목 학명 일치, 솔방울 근접컷.",잎이 두 개씩 짝을 지어 나요. 그 한 쌍이 붙어 있는 모양 때문에 예부터 부부에 빗대어 이야기됐어요.
11,15,황금싸리,hwanggeumssari,https://commons.wikimedia.org/wiki/File:Bunten_Kronwicke_(Securigera_varia)_Bl%C3%BCte-20200626-RM-173640.jpg,https://upload.wikimedia.org/wikipedia/commons/thumb/2/2d/Bunten_Kronwicke_%28Securigera_varia%29_Bl%C3%BCte-20200626-RM-173640.jpg/1280px-Bunten_Kronwicke_%28Securigera_varia%29_Bl%C3%BCte-20200626-RM-173640.jpg,Ermell,CC BY-SA 4.0,4822,영문명 Crown Vetch에 대응하는 Securigera varia. 파일 제목 학명 일치. name_ko 황금싸리는 이 종의 표준 한글명(왕관갈퀴나물)과 달라 영문명 기준으로 골랐다.,분홍 꽃이 둥글게 모여 왕관처럼 보여요. 비탈이 무너지지 않게 붙잡아 두려고 일부러 심기도 해요.
11,17,머위,meowi,https://commons.wikimedia.org/wiki/File:Japans_hoefblad_(Petasites_japonicus)_02.JPG,https://upload.wikimedia.org/wikipedia/commons/thumb/d/d6/Japans_hoefblad_%28Petasites_japonicus%29_02.JPG/1280px-Japans_hoefblad_%28Petasites_japonicus%29_02.JPG,Dominicus Johannes Bergsma,CC BY-SA 3.0,4224,"name_ko 머위에 대응하는 Petasites japonicus. 파일 제목 학명 일치, 꽃봉오리 근접컷. 영문명 Sweet-Scented Tussilago는 같은 속의 Petasites fragrans를 가리켜 이름이 조금 어긋난다.",잎이 나기 전에 꽃부터 땅을 뚫고 올라와요. 그 꽃봉오리를 이른 봄 나물로 먹어요.
11,19,범의귀,beomuigwi-1119,https://commons.wikimedia.org/wiki/File:Millepertuis_%C3%A0_calice_persistant_(hypericum_calycinum).jpg,https://upload.wikimedia.org/wikipedia/commons/thumb/8/87/Millepertuis_%C3%A0_calice_persistant_%28hypericum_calycinum%29.jpg/1280px-Millepertuis_%C3%A0_calice_persistant_%28hypericum_calycinum%29.jpg,JackyM59,CC BY-SA 4.0,3899,"영문명 Aaron's Beard에 대응하는 Hypericum calycinum. 파일 제목 학명 일치, 꽃 근접컷. name_ko 범의귀는 보통 Saxifraga속을 가리켜 이름이 어긋나는데 12월 6일 바위취가 이미 Saxifraga라 영문명 기준으로 골랐다.",노란 꽃잎 위로 수술이 수염처럼 한가득 뻗어요. 이름의 수염은 그 수술을 두고 한 말이에요.
11,20,뷰글라스,byugeulraseu,https://commons.wikimedia.org/wiki/File:Anchusa_officinalis_inflorescence_-_Kulna.jpg,https://upload.wikimedia.org/wikipedia/commons/thumb/6/64/Anchusa_officinalis_inflorescence_-_Kulna.jpg/1280px-Anchusa_officinalis_inflorescence_-_Kulna.jpg,Ivar Leidus,CC BY-SA 4.0,6000,"영문명 Bugloss에 대응하는 Anchusa officinalis. 파일 제목 학명과 inflorescence 표기 일치, 꽃차례 근접컷.",꽃봉오리는 붉은데 열리면 파래져요. 벌에게 어느 꽃에 아직 꿀이 남았는지 알려 주는 신호예요.
11,21,초롱꽃,chorongkkot-1121,https://commons.wikimedia.org/wiki/File:20210620_Hortus_botanicus_Leiden_-_Campanula_punctata_var._hondoensis_(flowers).jpg,https://upload.wikimedia.org/wikipedia/commons/thumb/5/59/20210620_Hortus_botanicus_Leiden_-_Campanula_punctata_var._hondoensis_%28flowers%29.jpg/1280px-20210620_Hortus_botanicus_Leiden_-_Campanula_punctata_var._hondoensis_%28flowers%29.jpg,Rudolphous,CC BY-SA 4.0,6000,"CSV 학명 Campanula와 name_ko 초롱꽃에 대응하는 Campanula punctata. 파일 제목 학명과 flowers 표기 일치, 꽃 컷.",고개를 숙인 종 안쪽에 자주색 점이 흩뿌려져 있어요. 그 점을 따라가면 꿀이 있는 자리가 나와요.
11,22,매자나무,maejanamu,https://commons.wikimedia.org/wiki/File:Berberis_koreana_2016-05-17_0149.jpg,https://upload.wikimedia.org/wikipedia/commons/thumb/2/23/Berberis_koreana_2016-05-17_0149.jpg/1280px-Berberis_koreana_2016-05-17_0149.jpg,Salicyna,CC BY-SA 4.0,5152,"CSV 학명 Berberis와 name_ko 매자나무에 대응하는 Berberis koreana. 파일 제목 학명 일치, 꽃차례 컷.",가지마다 뾰족한 가시가 돋아요. 가을이면 그 가시 사이로 붉은 열매가 줄줄이 매달려요.
11,23,양치,yangchi-1123,https://commons.wikimedia.org/wiki/File:Uitrollend_blad_van_een_mannetjesvaren_(Dryopteris_filix-mas)_28-04-2025_(d.j.b.)_02.jpg,https://upload.wikimedia.org/wikipedia/commons/thumb/8/8a/Uitrollend_blad_van_een_mannetjesvaren_%28Dryopteris_filix-mas%29_28-04-2025_%28d.j.b.%29_02.jpg/1280px-Uitrollend_blad_van_een_mannetjesvaren_%28Dryopteris_filix-mas%29_28-04-2025_%28d.j.b.%29_02.jpg,Dominicus Johannes Bergsma,CC BY-SA 4.0,4062,"영문명 Fern은 특정 종이 아니라 양치식물 총칭이라 대표종 Dryopteris filix-mas로 골랐다. 파일 제목 학명 일치, 새순 매크로 근접컷.",새잎이 돌돌 말린 채로 올라와 천천히 풀려요. 꽃도 씨앗도 없이 홀씨만으로 억겁을 건너온 무리예요.
11,24,가막살나무,gamaksalnamu-1124,https://commons.wikimedia.org/wiki/File:Gamaksal-tree-fruit.jpg,https://upload.wikimedia.org/wikipedia/commons/thumb/8/84/Gamaksal-tree-fruit.jpg/1280px-Gamaksal-tree-fruit.jpg,Ryuch,CC BY-SA 4.0,4032,"CSV 학명 Viburnum과 name_ko 가막살나무에 대응하는 Viburnum dilatatum. 파일 제목의 한글 통칭(가막살) 및 Commons 분류 일치, 열매 컷.",가을이면 붉은 열매가 가지를 늘어뜨릴 만큼 촘촘히 달려요. 서리를 맞고 나서야 새들이 찾아와요.
11,25,안개나무,angaenamu,https://commons.wikimedia.org/wiki/File:(MHNT)_Cotinus_coggygria_-_inflorescence.jpg,https://upload.wikimedia.org/wikipedia/commons/thumb/b/b0/%28MHNT%29_Cotinus_coggygria_-_inflorescence.jpg/1280px-%28MHNT%29_Cotinus_coggygria_-_inflorescence.jpg,Didier Descouens,CC BY-SA 4.0,6377,CSV 학명 Rhus cotinus(현재 통용 학명 Cotinus coggygria)를 기준으로 확보. 파일 제목 학명과 inflorescence 표기 일치. name_ko 개옻나무는 보통 Toxicodendron trichocarpum을 가리켜 학명과 어긋난다. 편집 확인 권장.,꽃이 지고 나면 가느다란 자루만 남아 뿌옇게 부풀어요. 나무 전체가 연기에 싸인 것처럼 보여서 연기나무라고도 불러요.
11,26,서양톱풀,seoyangtoppul,https://commons.wikimedia.org/wiki/File:Yarrow_(Achillea_millefolium).jpg,https://upload.wikimedia.org/wikipedia/commons/thumb/1/17/Yarrow_%28Achillea_millefolium%29.jpg/1280px-Yarrow_%28Achillea_millefolium%29.jpg,Petar Milošević,CC BY-SA 4.0,3225,"name_ko 서양톱풀과 영문명 Yarrow에 대응하는 Achillea millefolium. 파일 제목 학명 일치, 꽃차례 근접컷.",잎이 톱니처럼 잘게 갈라져요. 상처에 붙여 피를 멎게 하던 풀이라 전장에서 늘 곁에 두었어요.
11,27,붉나무,buknamu,https://commons.wikimedia.org/wiki/File:Rhus_javanica_with_autumn_leaves.jpg,https://upload.wikimedia.org/wikipedia/commons/thumb/f/fa/Rhus_javanica_with_autumn_leaves.jpg/1280px-Rhus_javanica_with_autumn_leaves.jpg,小石川人晃,CC BY-SA 4.0,6048,"CSV 학명 Rhus와 name_ko 붉나무에 대응하는 Rhus chinensis(동의어 Rhus javanica). 파일 제목 학명 일치, 단풍 든 잎 컷.",가을이면 이름 그대로 새빨갛게 물들어요. 잎에 생기는 벌레집을 예부터 약재와 염료로 거뒀어요.
11,29,바카리스,bakariseu,https://commons.wikimedia.org/wiki/File:Baccharis_halimifolia_flower_female_NC1.jpg,https://upload.wikimedia.org/wikipedia/commons/thumb/1/14/Baccharis_halimifolia_flower_female_NC1.jpg/1280px-Baccharis_halimifolia_flower_female_NC1.jpg,Macleay Grass Man,CC BY 2.0,4000,"CSV 학명 Baccharis의 대표종 Baccharis halimifolia. 파일 제목 학명과 flower female 표기 일치, 꽃 근접컷.",암그루에만 솜털 같은 씨앗이 달려요. 가을 바닷가에서 나무 한 그루가 통째로 하얘 보이는 건 그 솜털 때문이에요.
11,30,낙엽 마른 풀,nakyeop-mareun-pul,https://commons.wikimedia.org/wiki/File:Autumn_Grass.jpg,https://upload.wikimedia.org/wikipedia/commons/thumb/6/64/Autumn_Grass.jpg/1280px-Autumn_Grass.jpg,Serge Quadrado,CC BY-SA 4.0,5184,특정 종이 아니라 마른 풀 자체를 가리키는 항목이라 종 검증 대상이 아니다. Commons의 Dry grass 분류에서 마른 풀 질감을 담은 근접컷을 골랐다.,빛깔이 다 빠지고 나면 결만 남아요. 그 마른 결이 서로 얽혀서 겨울 동안 땅을 덮어 줘요.
12,1,쑥국화,ssukgukhwa,https://commons.wikimedia.org/wiki/File:Bloemen_van_Boerenwormkruid_(Tanacetum_vulgare)._17-08-2025._(actm.)_02.jpg,https://upload.wikimedia.org/wikipedia/commons/thumb/c/c4/Bloemen_van_Boerenwormkruid_%28Tanacetum_vulgare%29._17-08-2025._%28actm.%29_02.jpg/1280px-Bloemen_van_Boerenwormkruid_%28Tanacetum_vulgare%29._17-08-2025._%28actm.%29_02.jpg,Agnes Monkelbaan,CC BY-SA 4.0,4396,"name_ko 쑥국화와 영문명 Tansy에 대응하는 Tanacetum vulgare. 파일 제목 학명과 Bloemen 표기 일치, 꽃 근접컷.",꽃잎이 없이 노란 단추만 동그랗게 모여요. 향이 강해서 예부터 벌레를 쫓는 데 썼어요.
12,2,이끼,ikki-0122,https://commons.wikimedia.org/wiki/File:Polytrichum_commune_.jpg,https://upload.wikimedia.org/wikipedia/commons/thumb/6/67/Polytrichum_commune_.jpg/1280px-Polytrichum_commune_.jpg,Hans Hillewaert,CC BY-SA 4.0,3800,"영문명 Moss는 특정 종이 아니라 선태식물 총칭이라 대표종 Polytrichum commune로 골랐다. 파일 제목 학명 일치, 군락 근접컷.",뿌리가 없어서 몸 전체로 물을 마셔요. 바싹 말라도 비 한 번이면 다시 초록으로 돌아와요.
12,4,수영,suyeong-1026,https://commons.wikimedia.org/wiki/File:Rumex_acetosa_-_Hapu_oblikas.jpg,https://upload.wikimedia.org/wikipedia/commons/thumb/e/ee/Rumex_acetosa_-_Hapu_oblikas.jpg/1280px-Rumex_acetosa_-_Hapu_oblikas.jpg,Ivar Leidus,CC BY-SA 3.0,4000,"CSV 학명 Rumex와 name_ko 수영에 대응하는 Rumex acetosa. 파일 제목 학명 일치, 꽃차례 근접컷.",잎을 씹으면 새콤한 맛이 돌아요. 그 신맛 때문에 옛날 아이들이 들에서 간식처럼 뜯어 먹었어요.
12,5,앰브로시아,aembeurosia,https://commons.wikimedia.org/wiki/File:Ambrosia_artemisiifolia_male_and_female_flowers_01.jpg,https://upload.wikimedia.org/wikipedia/commons/thumb/0/0c/Ambrosia_artemisiifolia_male_and_female_flowers_01.jpg/1280px-Ambrosia_artemisiifolia_male_and_female_flowers_01.jpg,Meneerke bloem,CC BY-SA 3.0,3216,"name_ko 앰브로시아와 영문명 Ambrosia에 대응하는 Ambrosia artemisiifolia. 파일 제목 학명과 flowers 표기 일치, 꽃차례 근접컷.",이름은 신들의 음식이라는 뜻인데 정작 꽃가루로 사람을 고생시켜요. 한 그루가 한 철에 십억 개 넘는 꽃가루를 날려요.
12,6,바위취,bawichwi,https://commons.wikimedia.org/wiki/File:Saxifraga_stolonifera_(flower_s7).jpg,https://upload.wikimedia.org/wikipedia/commons/thumb/b/b4/Saxifraga_stolonifera_%28flower_s7%29.jpg/1280px-Saxifraga_stolonifera_%28flower_s7%29.jpg,Alpsdake,CC BY-SA 4.0,3456,"CSV 학명 Saxifraga와 name_ko 바위취에 대응하는 Saxifraga stolonifera. 파일 제목 학명과 flower 표기 일치, 꽃 근접컷.",위쪽 꽃잎 세 장은 짧고 아래쪽 두 장만 길게 늘어져요. 한쪽으로 기울어진 그 모양이 이 꽃의 얼굴이에요.
12,7,양치,yangchi-1123,https://commons.wikimedia.org/wiki/File:Uitrollend_blad_van_een_mannetjesvaren_(Dryopteris_filix-mas)_28-04-2025_(d.j.b.)_02.jpg,https://upload.wikimedia.org/wikipedia/commons/thumb/8/8a/Uitrollend_blad_van_een_mannetjesvaren_%28Dryopteris_filix-mas%29_28-04-2025_%28d.j.b.%29_02.jpg/1280px-Uitrollend_blad_van_een_mannetjesvaren_%28Dryopteris_filix-mas%29_28-04-2025_%28d.j.b.%29_02.jpg,Dominicus Johannes Bergsma,CC BY-SA 4.0,4062,"영문명 Fern은 특정 종이 아니라 양치식물 총칭이라 대표종 Dryopteris filix-mas로 골랐다. 파일 제목 학명 일치, 새순 매크로 근접컷.",새잎이 돌돌 말린 채로 올라와 천천히 풀려요. 꽃도 씨앗도 없이 홀씨만으로 억겁을 건너온 무리예요.
12,8,갈대,galdae,https://commons.wikimedia.org/wiki/File:Phragmites_australis_(inflorescences).jpg,https://upload.wikimedia.org/wikipedia/commons/thumb/0/0a/Phragmites_australis_%28inflorescences%29.jpg/1280px-Phragmites_australis_%28inflorescences%29.jpg,Le.Loup.Gris,CC BY-SA 3.0,1712,"name_ko 갈대와 영문명 Reed에 대응하는 Phragmites australis. 파일 제목 학명과 inflorescences 표기 일치, 이삭 컷.",겨울이 와도 이삭을 그대로 달고 서 있어요. 바람이 불면 통째로 눕지만 부러지지는 않아요.
12,11,단양쑥부쟁이,,,,,,,미확보. name_ko 단양쑥부쟁이는 한국 고유종 Aster altaicus var. uchiyamae인데 Commons에 확인 가능한 실사가 없다. 영문명 Fig Marigold는 Mesembryanthemum속을 가리켜 과가 아예 달라 대체하지 않았다. 편집 판단 필요.,
12,12,목화,mokhwa,https://commons.wikimedia.org/wiki/File:Gossypium_hirsutum_Florida.jpg,https://upload.wikimedia.org/wikipedia/commons/thumb/9/93/Gossypium_hirsutum_Florida.jpg/1280px-Gossypium_hirsutum_Florida.jpg,Mason Brock (Masebrock),Public domain,2476,"name_ko 목화와 영문명 Cotton Plant에 대응하는 Gossypium hirsutum. 파일 제목 학명 일치, 꽃 근접컷.",꽃은 하얗게 피었다가 하루 만에 분홍으로 바뀌어요. 솜은 그 꽃이 진 자리에서 씨앗을 감싸며 자라요.
12,14,소나무,sonamu-1114,"https://commons.wikimedia.org/wiki/File:Pinus_densiflora,_Morris_Arboretum_04.jpg",https://upload.wikimedia.org/wikipedia/commons/thumb/a/a5/Pinus_densiflora%2C_Morris_Arboretum_04.jpg/1280px-Pinus_densiflora%2C_Morris_Arboretum_04.jpg,Shuvaev,CC BY-SA 4.0,4608,"name_ko 소나무에 대응하는 Pinus densiflora. 파일 제목 학명 일치, 솔방울 근접컷.",잎이 두 개씩 짝을 지어 나요. 그 한 쌍이 붙어 있는 모양 때문에 예부터 부부에 빗대어 이야기됐어요.
12,15,서향,seohyang-1215,https://commons.wikimedia.org/wiki/File:Daphne_Odora_flower.jpg,https://upload.wikimedia.org/wikipedia/commons/thumb/2/2a/Daphne_Odora_flower.jpg/1280px-Daphne_Odora_flower.jpg,Herby (talk thyme),CC BY 2.5,2272,"name_ko 서향과 영문명 Winter Daphne에 대응하는 Daphne odora. 파일 제목 학명과 flower 표기 일치, 꽃 컷.",천 리를 간다는 말이 붙을 만큼 향이 멀리 가요. 정작 꽃은 손톱만 해서 향을 먼저 맡고 나서 찾게 돼요.
12,16,오리나무,orinamu,https://commons.wikimedia.org/wiki/File:Alnus_japonica_Olsza_japo%C5%84ska_2021-10-02_06.jpg,https://upload.wikimedia.org/wikipedia/commons/thumb/6/6f/Alnus_japonica_Olsza_japo%C5%84ska_2021-10-02_06.jpg/1280px-Alnus_japonica_Olsza_japo%C5%84ska_2021-10-02_06.jpg,"Agnieszka Kwiecień, Nova",CC BY-SA 4.0,3237,"name_ko 오리나무에 대응하는 Alnus japonica. 파일 제목 학명 일치, 잎 근접컷.",뿌리에 공생균을 들여 척박한 땅에서도 자라요. 그 덕에 헐벗은 산에 가장 먼저 들어가는 나무가 됐어요.
12,17,벚꽃난,beotkkotnan,https://commons.wikimedia.org/wiki/File:Hoya_carnosa_-_umbel_with_nectar_droplets.jpg,https://upload.wikimedia.org/wikipedia/commons/thumb/f/f4/Hoya_carnosa_-_umbel_with_nectar_droplets.jpg/1280px-Hoya_carnosa_-_umbel_with_nectar_droplets.jpg,Franz van Duns,CC BY-SA 4.0,7952,"name_ko 벚꽃난과 영문명 Honey-Plant에 대응하는 Hoya carnosa. 파일 제목 학명 일치, 꽃차례 근접컷.",별 모양 꽃이 공처럼 둥글게 모여 피어요. 밤이면 꿀이 방울져 맺힐 만큼 넉넉히 흘려요.
12,18,세이지,seiji,https://commons.wikimedia.org/wiki/File:20260614_Salvia_officinalis_05.jpg,https://upload.wikimedia.org/wikipedia/commons/thumb/1/1b/20260614_Salvia_officinalis_05.jpg/1280px-20260614_Salvia_officinalis_05.jpg,Flocci Nivis,CC BY 4.0,3647,"name_ko 세이지와 영문명 Sage에 대응하는 Salvia officinalis. 파일 제목 학명 일치, 꽃 근접컷.",이름에 구한다는 뜻이 들어 있어요. 이 풀을 심어 둔 집에는 병이 들지 않는다는 말이 오래 따라다녔어요.
12,19,스노 플레이크,seuno-peulreikeu,"https://commons.wikimedia.org/wiki/File:Lenteklokje_(Leucojum_vernum),_05-03-2026._(d.j.b.).jpg",https://upload.wikimedia.org/wikipedia/commons/thumb/0/00/Lenteklokje_%28Leucojum_vernum%29%2C_05-03-2026._%28d.j.b.%29.jpg/1280px-Lenteklokje_%28Leucojum_vernum%29%2C_05-03-2026._%28d.j.b.%29.jpg,Dominicus Johannes Bergsma,CC BY-SA 4.0,3456,"영문명 Snow Flake에 대응하는 Leucojum vernum. 파일 제목 학명 일치, 꽃 단독 근접컷.",흰 꽃잎 여섯 장 끝마다 연둣빛 점이 하나씩 찍혀 있어요. 눈송이처럼 보이지만 자세히 보면 그 점이 먼저 눈에 들어와요.
12,20,파인애플,painaepeul,https://commons.wikimedia.org/wiki/File:20260317_Ananas_comosus.jpg,https://upload.wikimedia.org/wikipedia/commons/thumb/2/24/20260317_Ananas_comosus.jpg/1280px-20260317_Ananas_comosus.jpg,Flocci Nivis,CC BY 4.0,3934,"name_ko 파인애플과 영문명 Pineapple에 대응하는 Ananas comosus. 파일 제목 학명 일치, 꽃이 달린 열매 근접컷.",열매 하나가 사실은 꽃 백여 송이가 붙어 만들어진 덩어리예요. 겉의 육각 무늬 하나하나가 꽃 한 송이의 자리예요.
12,21,박하,bakha-1221,https://commons.wikimedia.org/wiki/File:Mentha_arvensis_-_p%C3%B5ldm%C3%BCnt_Keila.jpg,https://upload.wikimedia.org/wikipedia/commons/thumb/8/8c/Mentha_arvensis_-_p%C3%B5ldm%C3%BCnt_Keila.jpg/1280px-Mentha_arvensis_-_p%C3%B5ldm%C3%BCnt_Keila.jpg,Ivar Leidus,CC BY-SA 3.0,3991,"name_ko 박하에 대응하는 Mentha arvensis. 파일 제목 학명 일치, 꽃차례 근접컷.",시원한 느낌은 온도가 아니라 착각이에요. 잎의 멘톨이 차가움을 느끼는 감각을 그냥 켜 버리는 거예요.
12,23,플라타너스,peulrataneoseu,https://commons.wikimedia.org/wiki/File:Proteales_-_Platanus_orientalis_-_8.jpg,https://upload.wikimedia.org/wikipedia/commons/thumb/6/67/Proteales_-_Platanus_orientalis_-_8.jpg/1280px-Proteales_-_Platanus_orientalis_-_8.jpg,Emőke Dénes,CC BY-SA 4.0,5184,"CSV 학명 Platanus와 name_ko 플라타너스에 대응하는 Platanus orientalis. 파일 제목 학명 일치, 열매가 달린 가지 컷.",껍질이 조각조각 벗겨져 얼룩덜룩해져요. 매연을 뒤집어쓴 껍질을 아예 버리는 방식이라 길가에 많이 심어요.
12,24,겨우살이,gyeousali,https://commons.wikimedia.org/wiki/File:Viscum_album_004.jpg,https://upload.wikimedia.org/wikipedia/commons/thumb/2/28/Viscum_album_004.jpg/1280px-Viscum_album_004.jpg,H. Zell,CC BY-SA 3.0,3582,"CSV의 Loranthaceae 표기와 name_ko 겨우살이에 대응하는 Viscum album. 파일 제목 학명 일치, 나무에 붙은 군체 컷.",다른 나무 가지에 얹혀 살아요. 잎을 다 떨군 겨울에야 초록 덩어리로 남아 눈에 띄어요.
12,25,서양호랑가시나무,seoyanghoranggasinamu,"https://commons.wikimedia.org/wiki/File:Fruits_of_holly_(Ilex_aquifolium)._Locatie,_Jonkersvallei.jpg",https://upload.wikimedia.org/wikipedia/commons/thumb/f/fd/Fruits_of_holly_%28Ilex_aquifolium%29._Locatie%2C_Jonkersvallei.jpg/1280px-Fruits_of_holly_%28Ilex_aquifolium%29._Locatie%2C_Jonkersvallei.jpg,Dominicus Johannes Bergsma,CC BY-SA 4.0,3248,"name_ko 서양호랑가시나무와 영문명 Holly에 대응하는 Ilex aquifolium. 파일 제목 학명과 Fruits 표기 일치, 열매 근접컷.",가시 돋친 잎은 아래쪽 가지에만 나요. 짐승이 닿지 않는 높이에서는 잎 가장자리가 매끈해져요.
12,27,매화,maehwa,"https://commons.wikimedia.org/wiki/File:Flowers_of_Prunus_mume_(Armenaca_mume_%E2%80%98Bumpi%E2%80%99)_at_Nagai_Botanical_Garden,_February_2024_-_5452.jpg",https://upload.wikimedia.org/wikipedia/commons/thumb/a/af/Flowers_of_Prunus_mume_%28Armenaca_mume_%E2%80%98Bumpi%E2%80%99%29_at_Nagai_Botanical_Garden%2C_February_2024_-_5452.jpg/1280px-Flowers_of_Prunus_mume_%28Armenaca_mume_%E2%80%98Bumpi%E2%80%99%29_at_Nagai_Botanical_Garden%2C_February_2024_-_5452.jpg,Laitche,CC BY-SA 4.0,5144,"CSV 학명 Prunus mume와 정확히 일치. 파일 제목 학명 일치, 가지째 담은 꽃 근접컷.",눈이 채 녹기 전에 피어요. 잎도 나기 전에 꽃부터 여는 성질이라 향이 유난히 멀리 가요.
12,28,석류,seokryu-1228,"https://commons.wikimedia.org/wiki/File:Pomegranate_flowers_(Punica_granatum),_Ponte_de_Sor,_Portugal_(approx._GPS_location)_julesvernex2.jpg",https://upload.wikimedia.org/wikipedia/commons/thumb/b/b6/Pomegranate_flowers_%28Punica_granatum%29%2C_Ponte_de_Sor%2C_Portugal_%28approx._GPS_location%29_julesvernex2.jpg/1280px-Pomegranate_flowers_%28Punica_granatum%29%2C_Ponte_de_Sor%2C_Portugal_%28approx._GPS_location%29_julesvernex2.jpg,Jules Verne Times Two,CC BY-SA 4.0,6780,"name_ko 석류와 영문명 Pomegranate에 대응하는 Punica granatum. 파일 제목 학명과 flowers 표기 일치, 꽃 근접컷.",꽃받침이 두껍고 붉어서 꽃일 때부터 열매 모양이 보여요. 그 왕관 같은 끝이 익은 뒤에도 그대로 남아요.
12,29,꽈리,kkwari,https://commons.wikimedia.org/wiki/File:Lampionblume_(Physalis_alkekengi)-20260208-RM-121159.jpg,https://upload.wikimedia.org/wikipedia/commons/thumb/1/17/Lampionblume_%28Physalis_alkekengi%29-20260208-RM-121159.jpg/1280px-Lampionblume_%28Physalis_alkekengi%29-20260208-RM-121159.jpg,Reinhold Möller (Ermell),CC BY-SA 4.0,5182,"name_ko 꽈리와 영문명 Winter Cherry에 대응하는 Physalis alkekengi. 파일 제목 학명 일치, 열매 근접컷.",주황 주머니는 꽃받침이 부풀어 만든 등이에요. 얇아지다 못해 그물만 남으면 안의 붉은 열매가 비쳐 보여요.
12,30,납매,napmae,"https://commons.wikimedia.org/wiki/File:Chimonanthus_praecox_f._concolor,_Nagai_Botanical_Garden,_January_2026_-1841.jpg",https://upload.wikimedia.org/wikipedia/commons/thumb/8/81/Chimonanthus_praecox_f._concolor%2C_Nagai_Botanical_Garden%2C_January_2026_-1841.jpg/1280px-Chimonanthus_praecox_f._concolor%2C_Nagai_Botanical_Garden%2C_January_2026_-1841.jpg,Laitche,CC BY-SA 4.0,4950,"name_ko 납매의 학명 Chimonanthus praecox로 확보. 파일 제목 학명 일치, 꽃 근접컷. 영문명 Carolina Allspice는 같은 과의 Calycanthus floridus를 가리켜 이름이 어긋난다. 한글명 기준으로 골랐다.",섣달 추위 속에서 잎도 없이 노란 꽃을 열어요. 반쯤 비치는 꽃잎이 밀랍을 얇게 편 것처럼 보여요.
12,31,노송나무,nosongnamu,"https://commons.wikimedia.org/wiki/File:Chamaecyparis_obtusa,_Morris_Arboretum_05.jpg",https://upload.wikimedia.org/wikipedia/commons/thumb/7/74/Chamaecyparis_obtusa%2C_Morris_Arboretum_05.jpg/1280px-Chamaecyparis_obtusa%2C_Morris_Arboretum_05.jpg,Shuvaev,CC BY-SA 4.0,4608,"CSV 학명 Chamaecyparis와 name_ko 노송나무(편백의 다른 이름)에 대응하는 Chamaecyparis obtusa. 파일 제목 학명 일치, 잎과 열매 근접컷.",잎 뒷면에 하얀 Y자 무늬가 그려져 있어요. 숨구멍이 모인 자리라 뒤집어 보면 바로 알아볼 수 있어요.
